open,high,low,close,volume,amount
19.82,19.88,18.16,18.19,3989347,759.31354
18.06,18.64,17.76,18.45,9721087,1777.96947
18.44,18.93,18.39,18.93,4092199,763.55573
18.71,18.72,17.29,17.32,1515700,273.74245
17.87,18.11,17.32,17.91,7582211,1343.04963
17.7,17.83,16.6,16.76,7158654,1231.85286
16.83,17.16,16.73,17.06,3066303,520.87599
17.2,17.24,16.4,16.52,4560636,770.0943
16.14,17.16,16.05,16.96,6512528,1086.21205
16.88,17.05,16,16.09,5361596,888.9405
15.98,16.4,15.75,16.02,5006701,805.13121
16.06,16.6,15.93,16.59,5968989,974.72783
16.48,16.95,16.19,16.63,5050773,839.21716
16.35,16.69,15.8,15.86,4846938,788.45859
16,16.09,15.65,15.95,2885401,458.18071
16.05,16.32,15.92,16.09,2804540,452.70763
15.93,15.97,14.93,15.12,4332890,669.30203
15.36,15.85,14.51,15.56,5943249,898.51139
15.38,15.85,15.32,15.39,3687941,575.59842
15.3,16.03,15.21,15.9,3531792,555.0049
16,16,15.6,15.7,2088367,329.45992
15.7,16.37,15.65,16.18,3101549,499.71336
16.03,16.3,15.93,16.24,2149442,346.49872
16.24,16.48,16.18,16.39,3093009,506.22345
16.43,16.49,15.98,16,2104885,339.97156
15.65,16.09,15.45,15.96,1655083,260.88844
16.08,16.54,15.96,16.42,3637997,595.14339
16.4,16.6,16.32,16.55,2820482,464.05824
16.59,16.76,16.32,16.4,2787607,461.97353
16.81,17.35,16.78,17.04,8165040,1396.83957
17.08,17.27,17.01,17.18,4652338,796.76867
17.16,17.29,16.81,17.02,3662040,623.04101
16.91,17.33,16.83,17.15,3529928,603.05807
17.1,17.17,15.86,16.02,4684451,776.38044
16.2,16.77,16.15,16.65,4257207,698.80036
16.59,16.63,15.55,15.77,5512268,878.39576
15.85,16.05,15.66,15.87,4136576,657.66308
15.94,16.58,15.94,16.57,6128680,996.86623
16.55,16.76,16.47,16.57,4010496,666.14614
16.54,16.58,15.9,16.19,4099322,665.6811
16.2,16.46,16.06,16.37,3177818,518.52722
16.34,16.35,15.77,16.26,2847626,455.87165
16,16.08,15.73,15.79,2743525,436.19431
15.8,15.92,15.57,15.63,1998434,314.7228
15.57,15.8,15.52,15.72,1694269,265.58749
15.87,16.38,15.82,16.2,3497982,565.5641
16.13,16.19,15.88,16.05,1749595,280.96902
16.09,16.25,15.9,15.98,2226708,355.93658
15.97,16.35,15.97,16.35,3845503,623.25462
16.34,16.78,16.3,16.77,5131261,853.3008
16.83,17.23,16.76,17.13,5938639,1013.87363
17.13,17.23,16.99,17.06,3050148,521.6624
17.01,17.14,16.86,17.06,2267322,385.1732
16.98,16.98,16.69,16.7,2773775,467.55378
16.75,16.97,16.7,16.93,2409469,405.0379
17.03,17.25,16.89,16.9,2679597,458.19971
16.91,17.5,16.86,17.15,5363609,922.81027
17.2,18.27,17.2,18.22,11245551,1994.71393
18.21,18.36,17.85,17.96,6824498,1235.39579
17.78,18.31,17.64,18.22,6017903,1083.02044
18.33,18.57,18.14,18.46,5488201,1007.98559
18.46,18.56,18.31,18.51,4409178,813.27523
18.54,18.54,17.9,17.94,4646153,841.98312
17.84,18.04,17.63,17.92,3865367,689.02882
18.04,18.3,17.99,18.17,3098689,562.72122
18.15,18.34,17.83,17.91,2881118,519.89195
18.08,18.57,18.02,18.53,5837817,1074.23474
18.66,18.91,18.33,18.86,4446055,828.53021
18.8,18.93,18.43,18.53,3039468,565.96404
18.5,18.61,18.3,18.4,2918803,537.7858
18.44,18.55,18.27,18.42,2268572,417.06402
18.4,18.53,17.27,17.75,5736193,1019.7198
17.64,17.84,17.48,17.5,2234809,395.25351
17.5,17.61,17.21,17.55,1940329,338.31924
17.57,18.06,17.31,18,3315623,589.01529
18.07,18.25,17.9,18.17,2329959,421.27307
18.18,18.33,17.95,18.11,2100926,382.02703
18.15,18.63,18.1,18.59,4003649,736.2466
18.4,18.93,18.39,18.58,3488996,653.71949
18.64,18.9,18.43,18.9,3311092,620.06779
18.85,18.96,18.44,18.45,4364609,816.93345
18.47,18.64,18.35,18.5,2955441,546.52744
18.51,18.77,17.98,18.01,4280642,781.47945
17.98,18.37,17.73,17.9,5008732,907.44365
17.89,18.11,17.7,17.86,2859455,511.80168
17.91,19.36,17.8,18.98,12069216,2262.2183
18.99,20.88,18.9,20.88,16969074,3418.32992
20.75,21,20.07,20.79,16827498,3438.52912
20.53,20.56,20.02,20.5,9397952,1909.73482
20.5,20.79,19.8,19.87,8435441,1713.28193
19.75,19.75,18.89,19.15,8872813,1713.58997
19.13,19.65,19.1,19.27,7908452,1528.93627
19.08,19.58,18.92,19.53,7333092,1415.10655
19.6,19.95,19.4,19.7,7637958,1502.07838
19.64,19.64,18.9,18.93,7666668,1471.92442
19.08,19.17,18.84,19.03,3910450,744.33141
19.1,19.17,18.42,18.8,4463510,834.10855
18.81,19.46,18.72,19.3,7215220,1389.90678
19.1,19.55,19.02,19.35,4731193,916.3033
19.39,19.89,19.29,19.85,9902877,1947.01814
19.79,20.02,19.56,19.61,8999750,1775.10775
19.6,19.84,19.5,19.74,4619238,909.1313
19.95,20.09,19.61,19.98,5965346,1183.10983
19.9,20.35,19.9,20.17,5051918,1018.72237
20.17,20.28,19.8,20,4187202,836.33727
19.75,20.09,19.66,19.82,4227827,836.60245
19.61,20.18,19.35,19.4,7049347,1396.18167
19.45,19.6,19.1,19.16,4594028,884.71198
18.78,19.2,18.61,19.19,5165175,981.11359
19.16,19.18,18.71,18.8,4115520,777.82211
18.77,19.08,18.68,18.79,4021203,760.2507
18.9,19.3,18.8,19.3,4759563,908.32703
19.37,20.18,19.37,19.82,9648333,1911.2216
19.63,20.07,19.63,19.83,4618005,915.67982
19.84,20.19,19.6,19.68,4226980,839.12832
19.69,19.75,18.62,19.05,5098172,980.26828
19.06,19.55,19.06,19.32,4493205,867.8367
19.35,19.39,18.95,19.28,3059211,587.38124
19.39,19.64,19.29,19.4,4791492,932.44017
19.46,19.47,19.16,19.23,3099114,596.74366
19.35,19.54,19.22,19.52,2963300,574.74739
19.55,19.97,19.35,19.91,7245004,1429.50212
19.96,20.07,19.73,19.75,5791617,1149.85819
19.71,20.4,19.67,20.05,7861380,1575.5717
19.99,20.05,19.79,19.85,5250040,1044.81477
19.89,19.96,19.73,19.76,3218990,637.41292
19.75,20.3,19.75,19.8,5907875,1183.59929
19.85,20.46,19.82,20.41,7844176,1579.78301
20.43,21,20.3,20.8,9293297,1930.5035
20.78,20.78,20.23,20.41,7098031,1448.47079
20.46,20.46,19.99,20.06,6462693,1301.11128
20.1,20.25,19.92,20.05,3914039,785.24747
20.14,20.5,20.02,20.1,6302198,1276.59122
20.1,20.22,19.85,20.11,3647280,730.15939
20.13,20.33,19.95,20.2,4331966,873.43519
20.15,20.55,20.04,20.47,5875689,1194.86761
20.43,20.55,20.24,20.49,3652537,745.35499
20.49,20.65,20.36,20.62,3156969,646.89977
20.61,21.1,19.9,20.2,10723757,2192.66454
20.1,20.15,19.67,19.83,9473570,1883.59908
19.89,20,19.78,19.86,2913740,579.36772
19.83,20.17,19.6,20.02,4238055,844.55034
20.01,20.27,19.92,20.22,4054152,815.10814
20.13,20.25,20.02,20.1,3242274,654.09597
20.07,20.14,19.88,20.05,2447432,489.46629
20.05,20.1,19.35,19.39,5481829,1080.26973
19.4,19.64,19.22,19.63,3036677,589.45538
19.65,19.7,19.38,19.62,2340735,457.3019
19.65,20.11,19.61,19.95,4121707,821.99935
19.9,19.9,19.41,19.44,2841626,558.9365
19.44,19.95,19.4,19.88,3008713,593.43827
19.8,20.23,19.8,20.14,5167899,1038.66673
20.08,20.27,20,20.03,3113550,625.84525
20.05,20.1,19.9,19.96,2441435,487.81143
19.96,20.05,19.86,19.88,2551910,508.7195
19.85,19.97,19.81,19.89,2305703,458.75796
19.87,19.87,19.4,19.47,3165280,620.98145
19.41,19.57,19.32,19.41,2047705,398.32658
19.42,19.53,19.37,19.42,1336634,259.97538
19.41,19.41,18.85,19.16,3668520,700.84409
19.14,19.49,19.14,19.26,1623669,313.74801
19.27,19.38,19.15,19.25,1537201,295.94045
19.28,19.39,19.11,19.33,1550940,299.33565
19.33,19.39,19.24,19.38,1368344,264.38139
19.38,19.39,19.13,19.13,1837387,353.05332
19.13,19.13,18.61,18.93,4562964,860.13794
18.85,19.02,18.74,18.99,2759522,520.98129
18.88,19.3,18.83,19.25,2625732,501.32767
19.22,19.3,19.11,19.25,2775550,533.41788
19.23,19.26,18.96,19.01,1652203,314.94467
18.98,19.17,18.94,18.94,2081940,396.39844
18.7,18.82,18.59,18.64,2266723,423.68901
18.66,18.74,18.5,18.55,1570173,291.46619
18.49,18.57,18.3,18.39,1813416,334.22063
18.45,18.69,18.42,18.62,1883824,350.07168
18.59,18.73,18.3,18.64,1986448,369.77716
18.67,18.69,18.5,18.59,1534313,285.1764
18.65,18.8,18.6,18.67,1352992,253.23201
18.67,18.76,18.62,18.72,843422,157.64195
18.72,18.72,18.16,18.2,2553607,472.58006
18.25,18.49,18.15,18.36,1527539,279.69632
18.36,18.67,18.26,18.44,1514830,279.82181
18.4,18.6,18.37,18.47,1169090,216.40484
18.56,18.57,18.38,18.45,1139636,210.26294
18.3,18.37,17.86,18.32,4816979,874.47196
18.3,18.74,18.22,18.62,4504959,827.76089
18.52,18.76,18.47,18.67,2223677,412.94543
18.7,18.72,18.58,18.65,1526124,284.57147
18.1,18.1,17.25,17.33,14505535,2548.44065
17.16,17.39,17.12,17.16,5590533,964.3577
17.18,17.32,17.1,17.27,4011179,691.29334
17.36,17.38,17.2,17.31,5359408,926.24826
17.31,17.36,17.23,17.32,3795250,656.89621
17.35,17.41,17.1,17.25,4556728,786.16469
17.26,17.36,17.23,17.29,4139315,715.35911
17.21,17.26,17.13,17.22,5186746,891.48443
17.27,17.28,17.14,17.17,3911808,671.88089
17.18,17.28,17.14,17.25,2823032,485.89389
17.29,17.33,17.18,17.2,3570766,616.2799
17.14,17.23,17.02,17.05,4523323,774.33237
17.13,17.18,17.06,17.15,3385885,579.39714
17.15,17.15,16.9,16.94,4768234,810.18023
16.92,17.06,16.83,16.96,3368051,571.13082
16.96,17.03,16.87,16.92,2834859,480.31501
16.92,16.99,16.85,16.89,2926627,495.08462
16.95,16.98,16.87,16.95,2692275,455.47291
16.92,17.08,16.79,16.95,4109506,696.11257
17.07,17.1,17,17.1,3503054,597.12519
17.13,17.31,17.06,17.26,5354612,920.90642
17.28,17.34,17.11,17.22,3726386,641.65225
17.23,17.24,17.1,17.18,2615616,448.43476
17.2,17.21,17.11,17.18,2620779,449.46843
17.21,17.23,17.12,17.23,2813849,483.2342
17.23,17.32,17.11,17.12,2736120,470.71783
17.14,17.17,16.99,17.05,5239060,893.94305
17.02,17.19,17.02,17.15,3319323,568.30411
17.2,17.25,17.04,17.13,2703850,463.89078
17.15,17.76,17.13,17.55,11858667,2078.22584
17.4,17.48,16.99,17.34,6698049,1156.18348
17.37,17.83,17.23,17.61,9274005,1627.62511
17.61,17.74,17.49,17.55,5496470,967.71236
17.51,17.59,17.22,17.34,4120058,715.70084
17.35,17.43,17.19,17.32,3634083,627.7487
17.29,17.48,17.14,17.14,3551094,613.5025
17.05,17.05,16.5,16.59,6204745,1036.64553
16.65,16.67,16.51,16.63,2977723,493.92472
16.62,16.65,16.49,16.62,2482012,411.50308
16.62,16.71,16.61,16.66,2629225,437.94682
16.67,16.71,16.53,16.65,2192943,363.96115
16.7,16.7,15.8,15.88,4527232,733.35058
15.89,15.93,15.71,15.89,2288627,362.53821
15.88,16.2,15.83,16.05,2467083,395.88677
16.04,16.49,15.94,16.16,1999234,322.10534
16.16,16.23,16.03,16.18,1160951,187.60598
16.16,16.71,16.16,16.3,3882708,638.1172
16.06,16.47,16.05,16.23,2258555,364.75768
16.16,16.55,16.16,16.48,2778356,455.82797
16.41,16.84,16.41,16.69,5561729,930.20792
16.65,16.81,16.5,16.52,1932898,321.23553
16.57,16.57,16.21,16.48,1331179,217.54511
16.38,16.5,16.3,16.42,1073510,176.21782
16.42,16.59,16.31,16.31,1672849,275.359
16.34,16.46,16.27,16.3,1260698,206.07555
16.32,16.49,16.28,16.4,1582290,259.92839
16.46,16.63,16.36,16.61,1724794,285.5123
16.62,16.72,16.48,16.69,2329801,387.22169
16.69,16.97,16.67,16.92,3166699,533.75156
16.86,17.24,16.83,17.01,3570902,609.47861
16.83,17.16,16.83,17.11,2225057,379.33896
17.02,17.2,16.8,16.84,1977168,336.30907
16.79,17,16.79,16.85,1482471,250.68544
16.88,16.96,16.61,16.62,1423443,239.02024
16.6,16.79,16.43,16.44,1474455,244.88758
16.43,16.43,15.87,16.08,2835675,456.55759
16.08,16.16,15.83,16.07,2379835,380.74418
16.08,16.15,15.99,16.08,1283287,206.30057
16.07,16.16,15.96,16.12,1241697,199.84488
16.1,16.33,16.03,16.27,1956550,317.67642
16.22,16.43,16.22,16.31,1692295,276.62324
16.31,16.69,16.29,16.58,2544763,420.39777
16.55,16.74,16.41,16.61,1154597,191.35304
16.55,16.66,16.51,16.62,954295,158.24999
16.62,16.62,16.45,16.5,905346,149.33802
16.46,16.65,16.46,16.63,1147251,190.2654
16.63,16.64,16.42,16.47,1803462,297.8518
16.5,16.69,16.4,16.68,2045177,338.97371
16.65,16.74,16.6,16.7,2193747,365.58854
16.69,16.8,16.65,16.71,2402033,401.69182
16.7,16.89,16.7,16.8,2499610,420.24103
16.83,16.94,16.75,16.8,1860106,313.19721
16.8,17.08,16.58,16.59,2740740,462.23704
16.57,16.86,16.57,16.82,1689475,282.07199
16.79,16.94,16.54,16.64,2533855,423.76224
16.56,16.92,16.56,16.89,2230639,373.19394
16.85,16.95,16.78,16.93,2267368,382.85407
16.93,16.97,16.83,16.9,1903000,321.43854
16.83,16.89,16.67,16.81,2040662,341.80812
16.79,17.8,16.73,17.59,9350488,1621.02372
17.2,17.6,17.17,17.46,8284354,1440.86602
17.38,17.48,16.7,16.8,11426574,1948.45707
16.98,16.98,16.58,16.64,6250527,1045.15762
16.67,16.7,16.42,16.47,3712936,613.99402
16.41,16.56,16.4,16.49,2236765,369.04671
16.53,16.68,16.5,16.59,1680809,279.00396
16.6,16.75,16.57,16.69,1959398,327.14287
16.67,16.69,16.43,16.47,2166524,357.80849
16.47,16.52,16.27,16.31,1780749,291.20666
16.34,16.47,16.28,16.44,1419096,232.09192
16.41,16.45,16.23,16.43,1586641,259.50398
16.46,16.55,16.37,16.41,1696144,278.94329
16.45,16.67,16.45,16.61,2665334,442.12724
16.56,16.65,16.51,16.6,2720213,450.73386
16.61,16.72,16.53,16.58,2326702,386.52326
16.59,16.64,16.39,16.61,2065193,341.56946
16.58,16.69,16.47,16.53,1524278,252.42708
16.53,16.53,16.2,16.25,2561648,417.48569
16.24,16.33,16.11,16.19,1570409,255.05303
16.14,16.32,16.14,16.32,1391387,226.34622
16.32,16.38,16.19,16.24,1657793,269.6232
16.2,16.28,16.13,16.21,838850,136.06538
16.15,16.33,16.06,16.07,2020714,326.7668
16.06,16.38,15.72,16.1,4317504,691.73942
16.11,16.27,15.9,15.98,2358311,379.20527
15.89,16.09,15.8,15.99,2696567,430.03746
16,16.11,15.92,16.03,2557182,409.84768
16,16.15,15.95,16.06,1985437,319.20595
16.05,16.14,15.91,15.92,2508680,401.9766
15.91,15.95,15.68,15.87,2596491,410.42157
15.85,16.13,15.7,16.04,2636537,420.52254
16,16.13,16,16.09,2041503,328.27881
16.08,16.08,15.78,15.85,1884176,299.73562
15.81,15.9,15.72,15.85,1480586,233.83721
15.86,15.88,15.46,15.5,2741994,430.21331
15.5,15.53,15.14,15.37,2968642,454.26389
15.39,15.39,14.91,14.97,3215050,485.36684
14.94,15.25,14.93,15.1,1837021,276.99094
15.11,15.13,14.75,14.76,2192700,326.82619
14.82,14.97,14.7,14.77,1762937,260.97064
14.77,14.87,14.73,14.79,1492997,220.78433
14.79,14.79,14.42,14.72,2637006,384.74647
14.65,14.74,14.52,14.67,1331368,195.1008
14.67,14.76,14.56,14.61,1501169,220.33066
14.62,14.67,14.52,14.62,1412542,206.18465
14.65,14.67,14.5,14.63,1738568,254.15542
14.63,14.69,14.43,14.46,1229409,179.26323
14.46,14.53,14.13,14.15,3089472,440.87427
14.11,14.36,14.04,14.25,2099180,298.78174
14.17,14.32,14.05,14.09,1799306,255.4401
14.18,14.19,14,14.13,1617324,227.96486
14.2,14.38,14.16,14.34,1432113,204.60514
14.34,14.48,14.3,14.47,1015128,146.03988
14.46,14.53,14.28,14.53,1372974,197.95483
14.5,14.6,14.44,14.52,1196295,174.01868
14.46,14.66,14.35,14.57,1637762,236.96111
14.57,14.6,14.47,14.57,1107204,161.07469
14.56,14.58,14.18,14.23,1628077,233.59903
14.25,14.3,14.09,14.13,1579022,223.86412
14.05,14.25,14.05,14.16,1196031,169.29722
14.2,14.36,14.13,14.25,1622442,231.19868
14.26,14.35,14.23,14.25,1029409,147.09446
14.32,14.49,14.24,14.28,1181576,168.84271
14.29,14.32,14.01,14.05,2617017,369.15865
14.01,14.05,13.73,13.95,3634441,504.88016
14.02,14.17,13.96,14.07,1353169,190.48941
14.07,14.1,13.99,14.06,1425008,199.91422
14.14,14.28,14.04,14.25,1855320,263.1799
14.28,14.36,14.22,14.33,1437642,205.81959
14.28,14.43,14.21,14.4,1997925,285.66908
14.48,14.65,14.43,14.56,2582213,375.92317
14.54,14.62,14.48,14.57,1553541,225.96455
14.57,14.6,14.31,14.32,1587170,228.73481
14.35,14.47,14.3,14.4,1846586,265.78406
14.25,14.25,14.05,14.08,1343673,189.62429
14.08,14.29,14.06,14.2,1500106,212.78989
14.2,14.32,14.14,14.23,1030581,146.77155
14.28,14.29,14.08,14.18,1542696,218.31961
14.29,14.3,14.06,14.15,2018095,286.2248
14.07,14.16,13.94,14.06,1706993,239.61544
14.08,14.26,14.04,14.25,2037069,288.02885
14.28,14.45,14.26,14.42,2674086,383.61813
14.33,14.41,14.24,14.27,1712300,245.32789
14.26,14.34,14.23,14.23,1444419,206.28458
14.22,14.57,14.21,14.54,3477497,500.89776
14.64,14.77,14.56,14.69,3512598,516.34392
14.56,14.68,14.49,14.68,2062875,300.78024
14.68,15.16,14.68,14.97,4065902,607.73721
14.98,15.19,14.91,15.12,2387030,360.17125
15.13,15.48,15.07,15.3,4161661,637.10122
15.34,16.15,15.34,16.05,8793767,1397.65013
15.9,16.22,15.76,15.96,5618887,899.96827
15.86,16.05,15.64,15.83,3711208,584.30692
15.85,16.16,15.75,16.09,3598165,577.66474
16.02,16.3,15.95,16,2091416,336.55486
16.13,16.17,15.5,15.91,3923558,625.14744
16,16.02,15.73,15.91,2137600,338.48109
15.97,16.09,15.8,16.08,2181581,348.3256
16.1,16.88,16.09,16.76,6184839,1025.10162
16.67,16.7,16.43,16.67,3023208,501.2776
16.55,16.67,16.23,16.35,2374135,388.84815
16.33,16.47,16.25,16.36,1279885,209.13882
16.45,16.5,16.02,16.19,1548846,251.44678
16.2,16.35,16.1,16.32,1159177,188.12922
16.22,16.51,16.2,16.32,2009300,328.14927
16.39,16.4,16.16,16.35,2015601,328.58692
16.36,16.47,16.27,16.44,2395756,392.50148
16.52,16.57,16.34,16.49,2197342,361.15886
16.42,16.43,16.2,16.35,1615611,263.15305
16.34,16.34,16.13,16.3,1483094,241.22835
16.28,16.28,15.91,16.07,1827509,293.68876
15.95,16.13,15.95,16,844152,135.27618
16,16.06,15.9,15.99,790548,126.42296
16.04,16.04,15.74,15.86,1556943,246.87581
15.81,15.83,15.56,15.7,1749800,274.87526
15.65,15.96,15.62,15.75,1484374,234.2677
15.8,15.9,15.61,15.7,1257464,197.53898
15.75,15.92,15.61,15.85,1407206,222.12648
15.83,15.88,15.63,15.83,1741006,273.82826
15.7,16.07,15.61,15.93,2113877,334.77961
15.95,16.03,15.79,16.02,952029,151.28806
16,16.03,15.86,15.99,899227,143.2954
15.92,16.11,15.91,16,989402,158.54923
16.01,16.09,15.93,15.98,592537,94.93747
16.1,16.36,16.04,16.18,2431683,393.92051
16.26,16.26,16.1,16.13,1667466,269.19402
16.16,16.3,16.1,16.16,2079993,336.80027
16.16,16.24,15.81,15.83,3781044,602.93646
15.83,15.88,15.7,15.74,2205135,347.73079
15.74,15.95,15.71,15.81,2030137,321.16397
15.86,16,15.82,15.86,2480245,394.4153
15.91,16.3,15.89,16.3,3601331,581.15763
16.23,16.38,16.18,16.31,2385196,387.60348
16.3,16.3,16.1,16.17,2203647,356.48886
16.23,17,16.23,16.61,7677007,1279.02498
16.54,16.72,16.43,16.62,1908463,316.33368
16.71,16.71,16.32,16.48,2701839,444.2869135
16.44,16.45,15.91,16.19,5060593,815.3960717
16.13,16.13,15.95,16,2088570,334.436005
16,16.08,15.9,15.96,1397200,223.44376
15.92,16.07,15.9,16,1323900,211.4066481
16.05,16.19,15.84,15.88,2510058,401.343672
15.98,15.98,15.8,15.86,1897492,301.192716
15.83,15.86,15.73,15.8,2014016,317.67328
15.8,15.8,15.52,15.65,2772471,432.7928055
15.66,15.7,15.31,15.52,2081553,322.3159496
15.52,15.62,15.44,15.54,1039565,161.3798221
15.52,15.67,15.51,15.64,802298,125.0881656
15.6,15.68,15.52,15.58,679450,105.79721
15.62,15.73,15.54,15.68,564900,88.4069715
15.79,15.88,15.71,15.82,1512695,238.877388
15.81,16.01,15.76,16.01,2109703,335.4234855
16.06,16.12,15.92,15.99,1983450,317.5578795
16.02,16.05,15.89,16.04,1786860,285.237734
16.09,16.12,16,16.04,1956646,314.4013476
16.06,16.15,15.85,15.94,1566429,250.6046473
15.93,15.98,15.8,15.85,1139600,181.02086
15.93,15.98,15.78,15.91,1904543,301.8734332
15.93,16.06,15.85,15.93,1447021,230.8392206
15.87,16.21,15.85,16.18,1700779,273.7752063
16.25,16.42,16.11,16.25,2586482,420.384707
16.25,16.42,16.21,16.4,1777181,290.091699
16.35,16.48,16.3,16.45,1458493,239.092141
16.5,16.66,16.37,16.45,5121072,846.9016152
16.46,16.54,16.38,16.44,2704877,445.1529967
16.45,16.66,16.12,16.57,4215334,692.762305
16.56,16.62,16.32,16.55,3068554,505.9587414
16.55,16.72,16.51,16.61,4016336,667.7554749
16.61,16.67,16.36,16.46,2373701,390.9822912
16.5,16.5,16.17,16.2,2171332,353.641967
16.28,16.42,16.08,16.36,2091474,340.2932933
16.33,16.37,16.18,16.31,2080608,338.6373497
16.23,16.54,16.22,16.43,2573414,421.7839985
16.44,16.59,16.32,16.55,2162519,356.0236782
16.55,16.65,16.32,16.64,2984874,491.9592354
16.59,16.75,16.47,16.61,4287288,713.6326788
16.62,16.74,16.51,16.72,3440550,572.9547281
16.71,16.74,16.35,16.35,3918245,647.2116698
16.37,16.38,16.16,16.3,3108326,505.1503405
16.26,16.27,15.93,15.99,4266411,685.9142554
15.97,16.05,15.77,15.98,3273804,519.5870628
15.99,16.06,15.86,16.04,2646622,422.590363
16.1,16.28,16.01,16.15,3079825,497.2798921
16.13,16.2,15.98,15.99,2866037,461.1481791
15.99,16.02,15.74,15.83,3105107,491.4507663
15.77,15.88,15.72,15.79,1965383,310.1523272
15.75,15.85,15.74,15.84,1817023,287.0754338
15.92,15.93,15.72,15.84,2153826,340.6185227
15.74,15.89,15.73,15.76,1455615,229.8677655
15.81,15.89,15.72,15.86,1735857,274.8587318
15.83,15.88,15.74,15.75,1708150,270.2175672
15.78,15.84,15.55,15.65,1802476,283.116177
15.64,15.73,15.4,15.51,2195764,341.1813942
15.52,15.56,15.31,15.38,1800900,277.7667423
15.4,15.57,15.3,15.53,1596992,247.0296169
15.43,15.72,15.43,15.72,1726498,269.3228517
15.7,15.74,15.58,15.64,1403240,219.69669
15.59,15.81,15.59,15.75,1299840,204.6903167
15.77,15.8,15.49,15.73,1256600,197.355408
15.76,15.8,15.68,15.75,1610696,253.5579108
15.75,15.89,15.73,15.83,1396143,220.914483
15.78,15.94,15.78,15.85,1029959,163.3648934
15.94,15.94,15.65,15.74,1275450,200.97096
15.67,15.79,15.6,15.77,1200855,188.6660399
15.73,15.86,15.67,15.72,885302,139.339614
15.7,15.83,15.53,15.67,1422644,222.4651247
15.62,15.75,15.49,15.54,1845748,287.1945314
15.54,15.7,15.51,15.62,1360000,212.100378
15.53,15.63,15.5,15.55,1354800,210.8821902
15.6,15.63,15.49,15.53,2011610,312.6340402
15.51,15.69,15.51,15.6,3340244,520.8599666
15.6,15.89,15.59,15.85,2738696,432.2962096
15.85,15.99,15.76,15.96,2492713,395.9652558
15.98,16.16,15.9,16.03,2374216,380.8060398
16.1,16.1,15.83,15.95,3157487,502.4346273
15.92,16.12,15.85,15.98,2290829,366.4693231
15.97,16.06,15.83,15.93,1719622,273.6387876
15.9,16,15.86,15.98,1485694,236.8501873
16.01,16.01,15.8,15.9,2800965,445.0554702
15.88,15.9,15.65,15.69,2755776,434.0554775
15.75,15.75,15.55,15.68,2734806,428.2483539
15.66,15.74,15.57,15.67,1708680,267.4343044
15.69,15.73,15.62,15.7,1222233,191.5651045
15.73,15.76,15.6,15.71,2062088,323.4481792
15.7,15.7,15.58,15.64,3002107,468.9417326
15.63,16.05,15.6,15.84,5669962,895.8720113
15.83,15.87,15.7,15.8,2598847,410.1865064
15.83,15.85,15.72,15.81,2273907,359.1573164
15.8,15.87,15.72,15.74,2233496,353.0153554
15.8,16.18,15.77,16.15,7381688,1183.672446
16.15,16.16,15.93,16.06,3721890,596.2537991
15.99,16,15.7,15.72,4969344,784.814871
15.75,15.88,15.4,15.53,4920450,768.8286717
15.39,15.68,15.36,15.63,2350620,364.5553718
15.45,15.63,15.42,15.6,2510201,389.8170545
15.48,15.49,15.25,15.3,3329141,511.7219757
15.37,15.46,15.05,15.15,2961518,450.3466657
15.15,15.26,15.1,15.16,1771785,268.8570141
14.98,14.98,14.42,14.51,2919916,429.0104483
14.51,14.75,14.51,14.7,1715784,251.5276877
14.78,14.86,14.66,14.66,1878463,277.1241303
14.66,14.79,14.63,14.74,962900,141.8588293
14.84,14.98,14.74,14.91,1486300,221.05387
14.99,15.04,14.85,15.04,1215189,181.4878888
15.1,15.25,15.01,15.21,2461630,372.794923
15.24,15.38,15.17,15.37,2357918,360.9198144
15.22,15.35,15.19,15.24,1650592,252.204917
15.24,15.41,15.17,15.35,1933487,295.741522
15.25,15.42,15.25,15.38,1743933,267.8686092
15.29,15.41,15.27,15.37,1646997,252.6831115
15.37,15.39,15.27,15.36,1833753,281.0872781
15.31,15.54,15.31,15.34,2199568,339.0239217
15.34,15.6,15.33,15.54,2609658,404.8130861
15.54,15.64,15.48,15.61,2128551,331.1170155
15.62,15.77,15.62,15.75,2436179,382.993466
15.73,15.83,15.55,15.58,1756165,274.7793555
15.57,15.66,15.51,15.57,1406780,219.1816714
15.6,15.65,15.29,15.4,1761044,271.9909128
15.4,15.49,15.35,15.38,1287065,198.4076105
15.44,15.53,15.32,15.45,1487748,229.92535
15.45,15.47,15.27,15.36,1483199,227.5720385
15.39,15.53,15.33,15.35,1876023,289.3749984
15.33,15.42,15.19,15.27,1384800,211.8672628
15.03,15.07,14.67,14.8,3369929,501.3450648
14.77,14.88,14.63,14.84,2599336,383.1282044
14.9,15.19,14.87,15.17,2636633,396.4269198
15.08,15.28,15.01,15.25,2162715,327.8502955
15.18,15.18,14.93,15.09,3019007,454.0248129
15.05,15.19,15.05,15.12,1719680,259.8678189
15.09,15.17,14.96,15.11,3554155,535.2802127
15.09,15.09,14.91,15.01,2234353,334.6367734
15,15.06,14.8,14.8,2016016,300.7704004
14.84,14.85,14.66,14.77,1398408,206.3653984
14.78,14.85,14.72,14.8,1615432,238.6964969
14.79,14.86,14.72,14.79,2920100,431.3080775
14.75,14.8,14.67,14.78,1847437,272.1820407
14.74,14.78,14.53,14.53,1958000,286.2509737
14.52,14.69,14.35,14.4,1686500,244.2675153
14.5,14.51,13.8,13.94,3706032,525.6683666
14,14.26,13.86,14.14,2997336,421.7853186
14.11,14.24,14.08,14.16,1512936,214.2454503
14.1,14.28,14.05,14.13,1986189,281.0382098
14.13,14.18,13.83,13.9,2310126,323.0866325
14,14.21,13.95,14.19,2510953,354.3597884
14.14,14.2,13.98,14.09,1787725,251.93341
14.02,14.09,13.84,13.85,1787200,249.08815
13.95,13.99,13.87,13.94,1537890,214.1974715
13.95,14,13.74,13.82,2406550,333.11139
13.84,14.01,13.73,13.96,2740592,379.5436009
13.94,13.96,13.83,13.96,2423200,337.0489147
13.92,14.11,13.92,14.1,1975041,277.2476782
14.05,14.15,14.05,14.14,1482643,209.0948251
14.14,14.37,14.12,14.32,1901827,271.6147482
14.31,14.37,14.21,14.29,1466946,209.7947618
14.3,14.47,14.27,14.34,1431668,205.9587544
14.33,14.41,14.25,14.31,1530819,218.9658104
14.31,14.39,14.2,14.34,1406800,200.83677
14.25,14.4,14.22,14.32,1169600,167.33187
14.28,14.59,14.28,14.54,2422778,351.6816688
14.58,14.58,14.38,14.51,2281640,329.8552497
14.52,14.54,14.45,14.5,1544933,223.8673953
14.5,14.53,14.43,14.52,827409,119.7752601
14.5,14.58,14.39,14.5,1844000,266.9506
14.39,14.45,14.29,14.32,1106007,158.839645
14.33,14.48,14.24,14.39,1921355,276.228239
14.35,14.4,14.21,14.3,1385067,198.2199708
14.29,14.45,14.21,14.35,1606582,229.9050528
14.31,14.35,14.12,14.13,2035452,290.2076715
14.14,14.36,14.13,14.3,1166835,166.0164641
14.25,14.33,14.15,14.29,1799746,256.0196872
14.3,14.51,14.27,14.5,2516503,364.03569
14.53,14.62,14.42,14.5,1463215,212.1616523
14.48,14.75,14.48,14.7,1913691,279.6123882
14.73,14.73,14.51,14.53,1458255,213.312456
14.53,14.72,14.48,14.57,2211670,323.4651606
14.55,14.68,14.48,14.55,1318821,192.457184
14.55,14.71,14.43,14.7,1692786,247.297279
14.68,14.76,14.62,14.69,1883787,277.0077701
14.42,14.66,14.33,14.48,1756429,254.5916135
14.5,14.5,14.3,14.46,2120100,305.31522
14.38,14.4,13.82,14.05,3643518,515.6744287
14.03,14.38,14,14.22,1974767,279.8413395
14.33,14.49,14.21,14.39,2948962,423.9110309
14.35,14.43,14.33,14.4,1242728,178.7728278
14.43,14.49,14.28,14.36,1795553,258.0953382
14.36,14.37,14.14,14.35,1602469,228.7867045
14.35,14.35,14.09,14.09,1705342,242.3878003
14.09,14.18,13.91,13.91,1903306,268.2528751
13.92,14.16,13.92,14.16,1289058,181.3366666
14.12,14.19,13.84,13.91,1723051,242.076452
13.93,14.09,13.81,14.07,1435505,200.3888678
14.08,14.59,14,14.52,3787594,546.2626822
14.43,14.52,14.24,14.25,2610869,374.7873336
14.21,14.35,14.12,14.31,1584408,225.6346596
14.3,14.45,14.21,14.41,1194698,171.4032534
14.42,14.56,14.33,14.55,1953914,282.4236668
14.4,14.47,14.26,14.36,1326000,190.3515448
14.33,14.59,14.33,14.5,1669924,241.9312183
14.5,14.59,14.41,14.59,983899,142.4322935
14.66,14.83,14.5,14.51,1967700,288.1184768
14.51,14.53,14.43,14.46,1122667,162.4340706
14.55,14.85,14.44,14.6,2441073,357.246447
14.56,14.69,14.51,14.52,2061800,300.58342
14.5,14.66,14.35,14.58,1476600,214.6080782
14.55,14.8,14.55,14.8,2086458,306.8737382
14.79,14.83,14.72,14.82,1838802,271.9797492
14.79,14.82,14.62,14.68,1504908,221.190709
14.59,14.84,14.59,14.65,1766843,259.6112259
14.65,14.85,14.65,14.81,2129084,314.9113892
14.88,14.89,14.7,14.78,1666416,246.6552346
14.8,14.8,14.6,14.65,1419615,208.5986371
14.61,14.75,14.51,14.53,1552016,227.2182467
14.48,14.48,14.15,14.2,2756503,394.1575331
14.21,14.31,14.17,14.23,1497798,213.349197
14.22,14.34,14.03,14.1,1572886,223.3021796
14.12,14.25,14.02,14.23,1042622,147.6778756
14.22,14.26,14.06,14.1,851500,120.6340526
14.1,14.27,14.06,14.23,951483,135.1064075
14.24,14.3,14.12,14.2,1235247,175.4413586
14.15,14.25,14.07,14.21,1228965,173.8941509
14.24,14.25,14.14,14.18,597273,84.720469
14.18,14.22,13.99,14.03,1104193,155.77814
13.92,14.05,13.89,13.96,647200,90.45143
13.97,14.03,13.78,13.79,1065300,147.90574
13.81,13.86,13.72,13.85,1224458,169.2869725
13.89,13.96,13.85,13.95,889103,123.7191826
13.84,13.84,13.7,13.75,1379100,189.93999
13.75,13.9,13.72,13.84,909613,125.6271969
13.84,13.87,13.76,13.86,639875,88.4477575
13.86,14.03,13.82,13.98,1066673,148.7420942
14,14.05,13.94,14,854950,119.661545
14,14.03,13.87,13.95,630310,87.82646
13.91,14,13.83,13.9,679200,94.47222
13.89,13.99,13.82,13.9,1349010,187.591976
13.87,13.87,13.72,13.78,978194,134.7484761
13.88,13.88,13.73,13.85,720490,99.514533
13.81,13.87,13.7,13.73,915291,126.0418022
13.78,13.78,13.5,13.57,995245,135.4942185
13.6,13.69,13.53,13.59,671353,91.4270054
13.6,13.6,13.43,13.45,817900,110.4173361
13.46,13.49,13.38,13.46,492415,66.0914285
13.43,13.5,13.41,13.47,612613,82.3953429
13.49,13.57,13.43,13.57,776477,104.8851498
13.57,13.64,13.49,13.53,512300,69.417132
13.56,13.61,13.49,13.5,660801,89.506648
13.48,13.58,13.43,13.58,1090196,147.3506727
13.57,13.67,13.54,13.65,993887,135.3777864
13.6,13.66,13.56,13.58,338653,46.1053488
13.6,13.72,13.55,13.72,1063716,145.0192449
13.71,13.75,13.59,13.64,940733,128.432884
13.66,13.71,13.42,13.67,1202641,164.3112506
13.67,13.73,13.61,13.65,796249,108.9487372
13.65,13.96,13.65,13.86,2018225,279.2055287
13.68,13.84,13.56,13.57,1635849,223.9412656
13.62,13.73,13.55,13.7,1016146,138.8189341
13.72,13.79,13.66,13.74,729500,100.2631209
13.57,13.64,13.15,13.25,1586277,213.1024017
13.24,13.35,13.01,13.3,1377168,182.0503936
13.35,13.39,13.11,13.19,877629,116.6707253
13.28,13.31,12.96,13.06,1284031,168.7511793
13.15,13.16,12.78,12.86,1859788,240.359939
12.73,12.85,12.58,12.58,1165541,147.6024329
12.54,12.79,12.44,12.75,1834358,231.641574
12.76,13.17,12.75,13,2339927,304.0230285
12.98,13.03,12.59,12.6,1849677,236.9407775
12.61,12.8,12.52,12.55,2147800,271.52262
12.3,12.46,12.2,12.43,1844553,227.4138617
12.45,12.65,12.43,12.51,1465089,183.4576726
12.52,12.54,12.3,12.31,1115348,138.1700379
12.28,12.44,12.23,12.38,989593,122.1649264
12.39,12.62,12.33,12.54,1377612,172.5257505
12.62,12.7,12.58,12.6,1519665,191.8612538
12.73,12.93,12.68,12.9,2201708,281.9946632
12.82,12.85,12.65,12.73,1637238,208.59583
12.7,12.76,12.68,12.73,962124,122.3875152
12.67,12.9,12.67,12.8,948892,121.0872108
12.93,12.93,12.65,12.69,1461648,186.0725734
12.66,12.7,12.56,12.61,669800,84.48903
12.6,12.76,12.55,12.75,1379064,174.9521198
12.65,12.9,12.64,12.8,1544830,197.3755564
12.86,12.96,12.71,12.86,1726402,222.3283156
12.85,13.01,12.85,13,1411688,182.8401647
13.02,13.04,12.94,12.99,1656518,214.9631116
12.99,13.11,12.93,13.1,1466507,190.9498721
13.08,13.11,12.92,12.95,1554075,202.2414875
12.89,13.03,12.8,12.98,988954,127.737891
12.98,13.03,12.91,12.98,896800,116.228194
12.98,12.98,12.73,12.76,1524150,195.46223
12.72,12.81,12.71,12.77,796297,101.5865161
12.77,12.89,12.77,12.85,596696,76.4929188
12.86,12.97,12.83,12.89,823500,106.26858
12.96,12.96,12.86,12.89,1531200,197.5373355
12.83,12.9,12.71,12.87,1126780,144.333306
13,13.06,12.94,13,2238467,291.10362
13.03,13.11,12.96,13.07,1356536,176.472165
12.95,13.09,12.93,13.03,625134,81.4053399
12.95,13.03,12.92,13,950439,123.1171049
12.93,13.06,12.93,13.03,505183,65.7500102
12.93,13.05,12.93,13.01,904660,117.434664
13.04,13.06,13,13.06,813565,105.9829065
13.09,13.15,13.02,13.15,651736,85.1703934
13.16,13.33,13.09,13.22,1383567,182.9537062
13.23,13.29,13.16,13.16,1161700,153.56132
13.16,13.23,13.09,13.19,855100,112.54953
13.15,13.26,13.11,13.23,752799,99.1918892
13.21,13.27,13.16,13.17,822900,108.5296
13.17,13.19,13.1,13.18,1137850,149.535365
13.16,13.26,13.11,13.15,1107919,145.6015711
13.17,13.17,13.06,13.09,1279100,167.46537
13.05,13.05,12.88,12.91,1574945,203.6063387
12.95,13.09,12.92,13.06,908862,118.0625348
13.12,13.16,13.01,13.08,939540,123.0944712
13.06,13.13,13,13,772406,100.9191051
13.08,13.12,13.03,13.08,1238058,161.8647518
13.07,13.17,13.01,13.13,884100,115.76752
13.09,13.22,13.02,13.22,872299,114.5523287
13.2,13.46,13.16,13.34,1352950,180.39381
13.34,13.34,13.22,13.26,782100,103.65576
13.26,13.55,13.26,13.3,1569250,209.96208
13.3,13.43,13.28,13.4,931900,124.34815
13.34,13.45,13.29,13.33,857767,114.3472945
13.35,13.38,13.29,13.31,525700,69.99061
13.3,13.39,13.29,13.37,513425,68.484462
13.4,13.42,13.33,13.37,517879,69.3078916
13.37,13.44,13.2,13.35,721300,95.97015
13.35,13.48,13.35,13.46,679968,91.302361
13.43,13.75,13.43,13.6,1210443,164.7397949
13.6,13.68,13.49,13.57,717998,97.2639792
13.55,13.62,13.54,13.6,448523,60.9020588
13.6,13.82,13.6,13.64,1068488,146.2409511
13.73,13.8,13.51,13.53,909283,124.1902226
13.55,13.67,13.55,13.59,747040,101.5804732
13.75,13.86,13.6,13.71,1911724,262.1725548
13.82,13.83,13.55,13.61,1138216,155.8234692
13.68,13.73,13.54,13.62,1014689,138.3001646
13.62,13.73,13.59,13.7,711516,97.1889556
13.7,13.84,13.68,13.82,1323205,182.4914247
13.82,13.86,13.75,13.84,1033102,142.7071858
13.85,14.01,13.79,13.91,1791606,248.9505965
13.87,13.91,13.76,13.84,1338915,185.0063302
13.75,13.91,13.75,13.77,1138062,157.0900374
13.83,13.96,13.79,13.95,1486347,206.3643567
13.95,13.95,13.82,13.87,1315473,182.5491359
13.87,13.93,13.77,13.83,1081996,149.6693192
13.83,13.87,13.78,13.8,1588911,219.5105218
13.8,13.85,13.71,13.83,1522098,209.5800704
13.85,14.21,13.84,14.17,4290766,601.7656345
14.13,14.25,14.04,14.1,3693754,522.0229585
14.06,14.2,14.02,14.15,2414180,341.4420891
14.14,14.18,14.03,14.07,1549135,218.3724023
14.14,14.16,14.04,14.13,1175200,165.57423
14.12,14.39,14.11,14.28,3278165,467.9932541
14.28,14.32,14.23,14.28,1604735,228.9466028
14.3,14.47,14.26,14.42,2780799,399.1537386
14.45,14.49,14.25,14.44,3667122,526.3208692
14.3,14.3,13.92,14.02,3143982,445.0967476
13.96,14.21,13.96,14.19,3441125,484.6427199
14.2,14.43,14.14,14.28,4260514,608.8101098
14.27,14.27,14.07,14.11,2060435,291.570453
14.06,14.19,14.03,14.04,2048595,288.7212181
14.05,14.24,14.05,14.16,1740691,246.3605541
14.28,14.34,14.07,14.33,2207300,314.4465065
14.32,14.47,14.28,14.34,2220006,318.665967
14.32,14.44,14.26,14.42,2569550,369.3299948
14.46,14.65,14.39,14.59,3168849,460.9792903
14.59,14.8,14.55,14.79,3247877,477.2401554
14.64,14.72,14.44,14.47,2887663,421.0173427
14.47,14.54,14.18,14.27,2364903,339.032314
14.35,14.46,14.23,14.45,1703235,244.3851042
14.27,14.27,13.99,14.1,3399860,480.9219844
14.1,14.37,14.1,14.36,3129475,446.6396604
14.36,14.65,14.36,14.62,3280138,476.8451563
14.62,14.67,14.48,14.54,2071619,301.6422302
14.54,14.66,14.46,14.65,1838800,268.09289
14.68,14.79,14.62,14.77,3427600,504.0512805
14.77,15.03,14.56,14.98,5598971,830.1870485
14.97,14.97,14.8,14.81,2229278,330.910879
14.75,14.81,14.66,14.79,1439910,212.1020864
14.83,14.83,14.59,14.6,1709198,250.9923566
14.64,15.05,14.58,14.86,3516224,522.3568098
14.95,14.99,14.65,14.66,2654822,394.4325378
14.67,14.85,14.54,14.85,2063569,304.0086608
14.87,14.89,14.81,14.87,1454479,215.9841394
14.85,14.85,14.65,14.68,1705700,251.162308
14.73,14.81,14.55,14.77,2016961,296.5329297
14.7,14.75,14.55,14.56,1721005,251.5371865
14.56,14.61,14.46,14.47,1584100,230.08608
14.48,14.59,14.31,14.56,1644894,238.0652564
14.53,14.57,14.28,14.3,1532700,221.652
14.31,14.53,14.25,14.28,1306971,187.4512197
14.25,14.28,14.03,14.11,2420563,342.3574458
13.99,14.14,13.96,14.13,1653613,232.7000319
13.93,13.98,13.62,13.72,3056447,420.7377805
13.76,13.83,13.71,13.74,1295900,178.13999
13.65,13.72,13.56,13.61,1131300,154.14344
13.66,13.68,13.55,13.56,1156300,157.06553
13.64,13.77,13.6,13.75,1352443,185.1611609
13.61,13.85,13.56,13.8,1413343,193.3863996
13.63,13.82,13.6,13.81,974162,133.88364
13.81,13.91,13.78,13.87,795900,110.16679
13.84,13.87,13.76,13.81,675777,93.3340991
13.81,13.86,13.56,13.6,689922,94.6602229
13.58,13.58,13.4,13.43,950777,127.8480511
13.43,14.2,13.43,14.2,3187554,443.0708265
14.25,14.3,13.9,13.92,3024746,427.7075446
13.78,13.8,13.6,13.62,1845161,252.348227
13.58,13.66,13.57,13.59,616000,83.80781
13.63,13.72,13.57,13.67,646469,88.3091259
13.67,13.78,13.64,13.66,530663,72.7057047
13.66,13.77,13.59,13.71,608591,83.283757
13.7,13.86,13.67,13.85,855781,117.9753363
13.84,13.86,13.72,13.78,514732,70.97835
13.76,13.83,13.7,13.8,544500,74.9602136
13.79,13.83,13.71,13.73,685500,94.40285
13.77,13.87,13.77,13.8,479929,66.2990076
13.8,13.82,13.64,13.67,929600,127.57778
13.7,13.9,13.65,13.85,875900,121.15489
13.85,14.05,13.85,14.05,1112260,155.5558135
14.03,14.04,13.93,13.98,758103,106.0202982
13.98,14.07,13.94,13.99,535400,74.92897
14.02,14.03,13.86,13.88,731725,102.0056775
13.68,13.73,13.58,13.66,520800,71.1405275
13.67,13.86,13.67,13.75,639467,88.0338275
13.89,13.93,13.8,13.86,825332,114.4649884
13.88,14.06,13.83,13.98,1150424,160.8642617
14,14.08,13.9,13.97,754624,105.5170816
13.9,14.07,13.85,13.92,1089377,151.9417023
13.98,13.98,13.71,13.8,799619,110.5439613
13.8,13.9,13.76,13.84,529777,73.2636599
13.84,13.92,13.76,13.77,946219,130.9064792
13.84,13.85,13.64,13.7,944800,129.7467
13.79,13.9,13.71,13.89,1124669,155.4405428
13.86,13.95,13.83,13.9,1127054,156.5974676
13.92,13.95,13.85,13.95,922622,128.339079
13.9,13.97,13.74,13.77,1651082,228.4909108
13.77,13.83,13.66,13.77,1026110,141.016318
13.76,13.76,13.49,13.51,1362103,185.0570919
13.47,13.54,13.39,13.43,1276663,171.5157306
13.46,13.52,13.39,13.4,850900,114.39452
13.47,13.54,13.4,13.48,1287587,173.5286896
13.48,13.58,13.45,13.56,905341,122.5455555
13.56,13.57,13.41,13.54,716000,96.75558
13.55,13.57,13.47,13.51,886804,119.791014
13.54,13.55,13.47,13.5,413202,55.83143
13.52,13.54,13.43,13.52,613045,82.670678
13.51,13.62,13.46,13.52,895879,121.1873055
13.52,13.59,13.48,13.55,855892,115.9142635
13.55,13.79,13.51,13.77,1137101,155.5259159
13.78,13.85,13.71,13.75,865615,119.2363134
13.74,13.89,13.71,13.85,1238500,171.206108
13.79,13.94,13.79,13.88,663582,91.9878155
13.95,13.95,13.86,13.94,896522,124.6828907
13.94,14,13.93,13.96,861001,120.2334614
13.95,13.95,13.83,13.88,622025,86.3785175
13.87,13.93,13.85,13.88,554902,77.0682472
13.81,13.81,13.68,13.75,892776,122.5839448
13.75,13.77,13.58,13.58,757100,103.62708
13.47,13.47,13.21,13.45,1651702,221.1065442
13.5,13.63,13.47,13.5,999100,135.52703
13.51,13.58,13.51,13.58,554984,75.1958388
13.59,13.64,13.5,13.52,771100,104.48864
13.52,13.6,13.48,13.6,704800,95.401
13.54,13.63,13.53,13.62,720700,97.987445
13.79,13.93,13.69,13.92,1993634,276.1826005
13.83,14.09,13.8,14.05,2254118,314.9166224
14.03,14.17,13.97,14.04,1440420,202.847702
14.15,14.59,14.1,14.41,3189636,457.959813
14.4,14.52,14.34,14.4,1504594,216.8673916
14.35,14.46,14.35,14.4,1739763,250.4662457
14.4,14.6,14.34,14.55,1724250,249.48794
14.53,14.8,14.53,14.78,2147577,315.4493836
14.59,14.9,14.57,14.74,2143050,316.2865352
14.74,14.87,14.69,14.77,2171150,320.48769
14.77,14.79,14.62,14.75,1180640,173.745261
14.75,14.78,14.6,14.69,1156700,170.1031209
14.68,15,14.62,14.65,1321503,195.1646902
14.63,14.69,14.46,14.55,1922532,280.675902
14.55,14.69,14.52,14.57,1164943,170.2904722
14.61,14.75,14.37,14.54,1333682,193.7519441
14.56,14.66,14.44,14.47,1385387,201.4908688
14.54,14.56,14.35,14.51,1128595,163.171191
14.57,14.74,14.56,14.65,1400773,204.8637115
14.63,14.7,14.51,14.55,890600,129.60958
14.62,14.62,14.43,14.46,782650,113.34113
14.52,14.52,14.41,14.49,776139,112.4493779
14.52,14.61,14.45,14.6,946400,137.50058
14.58,14.58,14.39,14.41,823035,118.988912
14.45,14.5,14.39,14.41,658119,95.0384655
14.44,14.45,14.35,14.4,651498,93.7792673
14.4,14.58,14.39,14.56,1110259,161.0049509
14.55,14.55,14.38,14.5,910500,131.51698
14.5,14.54,14.43,14.49,762700,110.44535
14.49,14.52,14.26,14.31,897000,129.08583
14.3,14.37,14.16,14.26,1025270,145.979402
14.25,14.25,14.08,14.15,768310,108.5453638
14.14,14.19,14.06,14.07,842100,118.7897936
14.07,14.15,13.95,14.12,962513,135.3989343
14.09,14.26,14.09,14.25,586300,83.16692
14.3,14.36,14.21,14.32,659763,94.342371
14.29,14.41,14.26,14.35,609871,87.5119356
14.4,14.44,14.33,14.38,689365,99.19326
14.32,14.44,14.18,14.25,810550,115.560055
14.2,14.28,14.12,14.18,513900,72.9972474
14.15,14.23,14.12,14.15,556258,78.8445444
14.14,14.22,14.05,14.11,771408,108.9776356
14.12,14.12,14.01,14.07,401100,56.3342165
14.07,14.19,14.06,14.14,721067,101.8837803
14.13,14.16,14.04,14.05,712035,100.237844
14.06,14.25,14.01,14.21,818824,115.815077
14.28,14.44,14.25,14.41,1312759,188.5760417
14.35,14.57,14.33,14.51,926219,134.3054375
14.57,14.63,14.45,14.57,1214052,176.7448683
14.5,14.63,14.47,14.54,1028374,149.7341359
14.55,14.61,14.38,14.49,1258950,182.5380222
14.4,14.67,14.39,14.66,1696500,247.3876887
14.66,14.76,14.61,14.63,1304519,191.5062511
14.7,14.74,14.61,14.66,1050050,154.245425
14.73,14.74,14.62,14.66,715600,104.90078
14.62,14.75,14.62,14.7,700831,102.9265446
14.7,14.77,14.61,14.62,926095,135.9406879
14.63,14.63,14.31,14.4,1314400,189.84232
14.34,14.46,14.26,14.39,913822,131.3094223
14.38,14.43,14.19,14.26,1584202,225.8332844
14.33,14.33,14.21,14.28,1147175,163.8954875
14.26,14.3,14.1,14.19,809500,115.21177
14.09,14.29,14.09,14.28,922850,131.035165
14.29,14.32,14.22,14.26,843750,120.251035
14.23,14.31,14.22,14.26,769800,109.76639
14.27,14.33,14.2,14.28,945800,134.92565
14.13,14.75,14.11,14.61,6075550,883.560712
14.7,14.95,14.58,14.94,3606473,533.8443198
14.98,15.06,14.81,14.91,2703614,403.5746634
14.91,15.22,14.85,15.08,3233674,486.8629613
15.01,15.13,14.85,14.9,1617946,242.0100032
14.9,14.95,14.8,14.88,1218443,181.1457127
14.86,15.1,14.75,14.81,1647700,245.0647
14.85,14.89,14.73,14.79,1431620,211.439565
14.75,14.85,14.66,14.85,1203231,177.5853108
14.84,15.02,14.8,14.89,1350971,201.4453001
14.9,14.93,14.74,14.81,774340,114.7927232
14.81,14.81,14.66,14.74,1646601,242.3156422
14.74,14.86,14.58,14.6,2178070,319.832402
14.6,14.63,14.54,14.56,1571900,229.23536
14.58,14.65,14.48,14.63,1949908,283.8979408
14.79,14.96,14.7,14.86,3345800,496.43454
14.85,15.25,14.83,15.04,4756560,717.3118124
15.08,15.1,14.89,14.96,4858869,726.5820334
15.01,15.11,14.88,14.96,2178426,326.3961036
14.85,14.99,14.81,14.95,1453488,216.6908195
14.95,15.02,14.9,14.94,1327452,198.5081296
14.94,14.94,14.76,14.85,2686816,399.5746378
14.89,14.89,14.73,14.84,2096800,310.3997
14.84,14.92,14.77,14.9,1468996,218.6380532
14.91,15.08,14.86,15.08,3318429,497.6617222
15.11,15.11,14.86,14.87,3465600,517.81183
14.88,14.95,14.75,14.9,2174107,323.0367409
14.86,14.97,14.6,14.6,1771664,263.6566301
14.98,15.05,14.83,14.87,3880348,578.7201108
14.92,15.02,14.85,14.98,2658980,396.760808
14.95,14.96,14.85,14.9,2556003,381.101727
14.9,14.95,14.86,14.92,1449002,215.7687476
14.9,14.9,14.65,14.71,3094219,456.1460325
14.76,14.78,14.72,14.76,1750758,258.2099937
14.75,14.84,14.72,14.76,979982,144.614127
14.75,14.88,14.68,14.77,2079917,306.4970703
14.78,14.84,14.7,14.82,1688912,249.7071419
14.81,14.83,14.73,14.73,1301903,192.1563441
14.7,14.76,14.64,14.67,1600741,235.2552606
14.65,14.7,14.54,14.56,1671025,244.0015355
14.45,14.48,14.25,14.35,2637520,378.1358272
14.33,14.33,14.07,14.24,3357545,477.0831289
14.21,14.34,14.08,14.27,1328129,188.6040919
14.22,14.3,13.89,14.03,2442470,343.5803843
12.82,13.35,12.81,13.04,4935761,646.8610496
13.11,13.55,13.11,13.48,3710762,496.5841967
13.5,13.71,13.42,13.52,2597789,352.4994096
13.55,13.77,13.43,13.67,1816559,246.8313694
13.62,13.67,13.51,13.6,1250237,169.7641739
13.57,13.77,13.51,13.73,1439786,196.6652891
13.79,13.84,13.67,13.76,1488244,205.2009091
13.76,13.85,13.74,13.8,1045086,144.0646773
13.78,13.93,13.76,13.86,1614950,224.1295545
13.86,13.93,13.81,13.92,1167912,161.9505448
13.85,14.04,13.8,14.04,1363175,190.2350735
14.04,14.05,13.92,13.98,1492914,208.521183
13.91,14.19,13.89,14.01,1633855,230.169569
13.97,14.12,13.94,14.11,1103702,154.9509118
14.03,14.12,14.02,14.11,1252500,176.30381
14.05,14.05,13.95,14,1570550,219.82638
13.88,13.88,13.61,13.81,2714843,373.4552801
13.7,13.79,13.61,13.75,2050658,281.2313954
13.79,13.79,13.65,13.7,1616682,221.6038376
13.6,13.6,13.41,13.44,2924750,394.92202
13.53,14.21,13.47,14.01,2147130,294.436653
13.9,14.06,13.83,13.94,2972975,414.0466655
13.9,13.92,13.82,13.9,1579560,219.1379705
13.92,14.06,13.88,14.01,1991847,278.5725605
13.92,13.95,13.87,13.93,923950,128.58749
13.8,13.81,13.62,13.62,1735980,237.757358
13.58,13.81,13.57,13.79,1494875,204.6506417
13.72,13.82,13.59,13.61,1601501,219.4855141
13.55,13.61,13.41,13.45,1476334,199.3097404
13.2,13.38,13.11,13.35,1924901,254.7911423
13.38,13.4,13.02,13.1,2425985,320.9523971
13.05,13.2,13.01,13.17,1480900,194.0798
13.18,13.27,13.01,13.02,1361559,179.3595161
12.94,13.15,12.83,12.89,2138210,276.197847
12.99,13.17,12.89,13.14,980797,127.4464634
12.93,13,12.88,12.9,1129101,146.1412192
13,13.09,12.92,13.09,1916564,249.4604666
13.18,13.25,13.04,13.18,2398049,315.2779949
13.15,13.28,13.06,13.26,1456616,192.2169301
13.54,13.75,13.36,13.69,4806077,651.075878
13.5,13.84,13.4,13.49,4440310,603.21893
13.9,14.08,13.7,13.77,5582898,776.8659216
13.71,13.76,13.5,13.51,2994445,408.4319589
13.45,13.64,13.44,13.62,2455038,332.2846015
13.59,13.6,13.47,13.57,1565330,211.8536802
13.65,13.8,13.65,13.76,2442916,335.2299332
13.76,13.85,13.69,13.82,2018089,278.2692578
13.79,13.85,13.73,13.76,1391460,191.79344
13.76,13.76,13.64,13.67,1306105,178.9891445
13.68,13.78,13.62,13.69,1175700,161.056544
13.69,13.78,13.67,13.78,922145,126.6201626
13.74,13.84,13.74,13.84,1311462,181.0775822
13.85,14.16,13.77,14.12,3227800,452.1528924
14.05,14.12,13.9,13.97,2177730,304.5462511
14.03,14.03,13.74,13.8,1997619,276.356998
13.78,13.78,13.63,13.69,1231924,168.7452525
13.68,13.81,13.6,13.8,1095053,150.2417337
13.81,13.92,13.8,13.87,1291901,178.9818749
14.02,14.04,13.85,13.87,2850967,397.8032399
13.87,13.98,13.82,13.89,1389195,193.2950182
13.9,14.02,13.75,13.99,2162398,300.9217237
13.98,14.75,13.92,14.44,5138486,739.7557265
14.5,14.67,14.38,14.55,3312628,481.0541503
14.56,15.01,14.55,14.88,4113411,610.3509791
15.02,15.22,14.98,15.03,4024849,608.0683485
15,15.15,14.92,15.08,2411240,361.726284
15.09,15.34,15.04,15.17,2689391,408.0954204
15.25,15.32,15.1,15.22,2053340,312.25636
15.2,15.3,14.99,15.06,2529498,383.0924439
15.05,15.16,14.86,14.87,3034920,453.292966
14.9,14.98,14.78,14.95,2207908,328.548313
14.98,15.03,14.83,14.92,1419147,212.1603065
14.97,15.16,14.97,15.05,1522260,229.328329
15.03,15.05,14.9,14.99,1559540,233.27243
14.92,15.01,14.83,14.83,1124940,167.770914
15.03,15.06,14.81,14.84,1910683,285.2205872
14.84,15.15,14.84,15.05,1685420,252.03163
15.05,15.15,14.99,15.11,1489425,224.2384158
15.2,15.32,15.11,15.22,1621243,246.6546245
15.22,15.27,15.01,15.16,1113330,168.581408
15.07,15.17,15.03,15.09,861040,129.892894
15.09,15.31,15.03,15.27,1963700,299.22806
15.28,15.66,15.25,15.65,2628970,407.2551892
15.6,15.78,15.44,15.48,1823734,283.2626938
15.53,15.75,15.45,15.73,1353221,211.2775925
15.74,15.78,15.59,15.65,1022472,159.9142392
15.68,15.78,15.43,15.58,1442565,224.7724868
15.58,16.02,15.58,15.99,2380518,377.2425204
15.97,16.14,15.85,16.05,1383972,221.0747022
16.01,16.09,15.75,15.79,1562400,248.39878
15.68,15.85,15.61,15.81,1757634,277.203487
15.79,15.85,15.57,15.64,2142390,336.5191602
15.46,15.7,15.39,15.56,1755542,272.5474358
15.52,15.64,15.4,15.58,1338001,207.9743256
15.57,15.95,15.56,15.84,1682778,265.2861408
15.87,16.05,15.74,16.01,1876380,298.8144402
16.15,16.43,16.03,16.22,2437771,396.7444137
16.22,16.44,16.09,16.4,1628213,265.1693056
16.38,16.67,16.3,16.63,1495223,246.7432287
16.65,17.2,16.48,17.1,4999133,846.5523663
17.18,17.18,16.76,16.92,3228107,545.7152819
16.92,17.05,16.68,16.88,2471127,415.3017579
16.66,16.96,16.66,16.71,2674610,448.5430384
16.69,16.82,16.55,16.68,2238906,373.1812517
16.71,17,16.65,16.93,3600833,607.2670424
17.01,17.06,16.66,16.75,3763617,633.4353879
16.89,17.02,16.61,17.02,3977037,670.3246358
17,17.02,16.68,16.91,4045142,681.8065206
16.83,16.85,16.57,16.66,2546540,425.7743917
16.65,17.7,16.62,17.66,7363444,1261.162829
17.52,17.62,17.01,17.16,5022281,865.7476319
17.17,17.24,16.86,16.94,2889106,492.6971628
16.93,17.3,16.65,16.74,3234504,547.9527475
16.76,16.87,16.36,16.71,3123927,519.1247354
16.81,17.1,16.78,16.88,3124246,527.8756332
16.99,17.25,16.71,17.07,4068960,690.8103114
17,17.05,16.53,16.76,4149242,697.165701
16.67,16.71,16.12,16.37,3056720,502.3903856
16.32,16.4,15.74,15.79,3016999,484.6306799
15.8,15.91,15.56,15.8,1744609,275.2491416
15.8,16.11,15.79,16.11,1997794,317.9188334
15.94,16.19,15.69,16.19,2328883,372.000055
16.21,17,16.03,17,5433918,897.0052348
16.83,16.93,16.35,16.59,4290890,712.8864476
16.62,16.63,16.43,16.55,3408323,563.1741952
16.56,16.85,16.45,16.57,3486615,579.6640895
16.52,16.65,16.37,16.39,2427588,399.2768485
16.42,16.47,16.08,16.28,2018167,328.0738401
16.21,16.3,15.97,16.08,2314170,372.2604285
16,16.17,15.88,16.1,2168950,347.07713
16.08,16.39,15.9,15.95,2225235,359.534149
15.95,16.07,15.8,15.96,1940185,308.7146731
15.92,16.25,15.92,16.13,1339400,215.828325
16.12,16.69,16.1,16.6,4221820,698.404389
16.62,16.65,16.37,16.6,1816520,300.165859
16.57,16.62,16.47,16.55,1661576,275.0956583
16.52,17.03,16.52,16.74,4995418,840.7933196
16.71,16.71,16.35,16.46,2358950,388.9798838
16.44,16.64,16.44,16.56,1623087,268.3026729
16.59,16.84,16.43,16.65,1939139,322.8085757
16.64,16.81,16.6,16.66,2035611,340.0369788
16.62,16.83,16.55,16.67,1855452,309.677135
16.68,16.73,16.08,16.2,4204917,682.8732
16.1,16.23,15.93,16.16,2203835,354.4463719
16.15,16.37,16.07,16.1,2096279,340.1019383
15.99,16.22,15.85,15.94,2814803,450.0709104
15.96,16.02,15.67,15.82,2235453,353.2385394
15.84,15.92,15.81,15.88,1118718,177.5158895
15.75,15.84,15.72,15.8,1305100,205.765255
15.82,15.84,15.61,15.61,1288750,203.0574112
15.61,15.95,15.6,15.91,1520000,240.171908
15.85,15.91,15.63,15.71,1696421,267.1615211
15.74,15.82,15.47,15.55,1381053,216.1699304
15.56,15.59,15.35,15.55,809900,125.6246709
15.59,15.78,15.51,15.7,1541344,241.2347357
15.79,15.79,15.65,15.77,611969,96.1161826
15.76,16.03,15.62,15.71,1581043,249.2476938
15.78,15.78,15.63,15.67,1608222,252.4168608
15.66,15.92,15.65,15.92,1491649,235.6674288
15.96,15.97,15.74,15.8,1218453,192.7215828
15.73,15.76,15.55,15.6,1284669,201.0603954
15.63,15.67,15.58,15.65,732086,114.4329242
15.6,15.64,15.28,15.3,1207550,186.27244
15.35,15.39,15.16,15.22,748650,114.127295
15.26,15.42,15.22,15.27,881491,134.8194913
15.27,15.36,15.12,15.28,925740,141.2766092
15.26,15.34,15.2,15.29,694600,105.963255
15.36,15.62,15.27,15.59,1284725,199.0424905
15.66,15.81,15.62,15.8,1888386,297.0886577
16.03,16.31,16.02,16.23,4721884,762.9513667
16.17,16.33,16.05,16.23,2323243,376.044828
16.23,16.46,16.08,16.31,2600152,424.1434792
16.3,16.42,16.23,16.39,1680544,274.5073572
16.33,16.43,16,16.08,1976400,321.1677
16.1,16.49,16.02,16.46,2284072,371.4160055
16.44,16.84,16.3,16.51,4769173,791.1567855
16.58,16.58,16.03,16.12,2484700,402.08722
16.05,16.2,15.89,16.03,1801400,289.24676
15.98,16.24,15.86,16.13,1804490,289.820703
16.04,16.44,16.02,16.34,1392119,226.3861218
16.28,16.58,15.93,16.1,4271448,690.861543
15.93,16.26,15.85,16.23,2501113,402.8598208
16.16,16.95,16.16,16.47,5865409,977.1470091
17.01,17.04,16.15,16.8,6013840,995.539113
16.66,16.71,16.42,16.49,3104851,513.5495928
16.48,16.49,16.2,16.27,2888822,470.7299956
16.36,16.51,16.29,16.44,1795135,294.7820505
16.44,16.53,16.25,16.29,1856989,303.1659807
16.3,16.45,16.16,16.21,3076623,501.5649933
16.23,16.36,16.11,16.22,2350021,381.8247921
16.26,16.57,16.2,16.46,2619575,429.9194086
16.46,16.75,16.36,16.64,2825887,469.0901259
16.64,16.72,16.19,16.34,2798696,458.3764966
16.34,16.59,16.23,16.59,2446638,401.1384216
16.57,16.64,16.34,16.44,2594827,427.6447431
16.49,16.73,16.38,16.71,2822890,466.957249
16.65,16.84,16.43,16.56,2637772,437.1493965
16.54,16.61,16.43,16.54,2112244,348.8434468
16.59,16.63,16.37,16.55,2458300,405.98384
16.48,16.57,16.4,16.41,1504000,247.8648
16.42,16.57,16.03,16.06,4267657,694.7958897
16.09,16.27,16.04,16.2,4027054,651.405397
16.18,16.33,16.08,16.21,2851026,461.3897385
16.18,16.42,16.17,16.28,4337083,707.4929221
16.21,16.28,16.1,16.2,3735932,604.3523484
16.2,16.42,16.18,16.23,3637083,592.6335277
16.16,16.24,16.06,16.07,2567483,414.1249681
16.07,16.1,15.86,15.94,3040712,484.8620084
15.98,15.98,15.74,15.76,2376300,376.44096
15.85,15.86,15.56,15.61,2459798,385.3595371
15.66,15.66,15.46,15.48,2285426,354.9172587
15.46,15.52,15.23,15.28,2937820,451.1252691
15.29,15.4,15.23,15.25,2020989,308.986991
15.25,15.37,15.12,15.28,1937543,295.2108704
15.3,15.53,15.25,15.49,2037923,313.5895044
15.45,15.56,15.32,15.35,1670933,257.7772099
15.35,15.5,15.21,15.47,1887401,290.2414938
15.43,16,15.43,15.61,4801450,754.8898047
15.54,15.67,15.44,15.47,2632184,408.0939265
15.43,15.45,14.98,15.03,4144410,628.1258739
15.03,15.19,14.85,15.07,3097198,465.1821078
15.18,15.47,15.03,15.2,3643752,554.8790859
15.19,16.14,15.1,15.89,8592582,1356.840724
15.9,16.19,15.61,15.84,6042247,960.8837538
15.87,15.88,15.34,15.41,4755267,737.1733125
15.47,15.56,15.29,15.39,3211055,494.3554293
15.39,15.44,15.25,15.41,2973705,456.8371928
15.43,15.7,15.35,15.5,5388913,834.3428977
15.48,15.48,15.1,15.27,3960232,603.557612
15.19,15.53,15.14,15.51,4304983,662.5615212
15.51,15.59,15.16,15.28,3450124,529.8403243
15.13,15.36,14.98,15.16,3348300,506.6549777
15.16,15.18,14.61,14.71,5373276,798.8587912
14.65,14.82,14.59,14.76,1973828,290.447495
14.75,14.91,14.6,14.89,3081717,454.2371717
14.8,15.04,14.76,14.88,3061891,456.5997485
14.88,15.01,14.7,14.72,2995070,444.12842
14.77,14.79,14.66,14.7,2981086,438.5297735
14.68,14.94,14.63,14.9,3730400,551.10461
14.82,14.82,14.6,14.65,4559850,669.9416487
14.71,14.71,14.58,14.67,2163800,317.0385242
14.62,14.69,14.44,14.52,2612180,380.269914
14.5,14.51,14.2,14.24,2459001,350.8589824
14.22,14.3,14.1,14.25,1756300,249.71343
14.2,14.48,14.2,14.23,1472600,211.09337
14.25,14.47,14.18,14.34,1912245,274.6770906
14.39,14.39,13.94,14.12,2431459,343.8490165
14.06,14.07,13.91,13.95,1702200,237.45498
13.94,14.34,13.94,14.2,2658758,377.1789128
14.2,14.24,13.98,14.17,1804758,253.660356
14.13,14.13,13.62,13.72,2866069,395.522263
13.67,13.75,13.53,13.56,1972801,268.6267552
13.56,13.68,13.52,13.53,1717075,233.2273875
13.58,13.6,13.43,13.58,2119052,286.1870947
13.58,13.76,13.51,13.72,1987050,270.62539
13.77,13.95,13.73,13.9,2988300,412.90945
13.87,14.16,13.85,14.16,2725774,383.0378628
14.15,14.36,14.1,14.2,2891201,411.516752
14.24,14.28,14.1,14.14,2154321,305.905161
14.18,14.26,14.04,14.14,2111200,299.28033
14.19,14.21,14.09,14.16,2055200,290.60592
14.02,14.17,14,14.1,1882000,264.57675
14.1,14.16,14.05,14.12,2116400,298.75831
14.13,14.52,14.08,14.34,3796800,542.99676
14.34,14.35,14.21,14.33,2357202,336.9532756
14.34,14.45,14.22,14.39,2497701,358.9018832
14.39,14.49,14.28,14.35,1772300,254.61283
14.4,14.75,14.3,14.54,3989152,580.4099176
14.5,14.5,14.08,14.17,3502701,498.7682629
14.18,14.64,14.11,14.38,3412284,491.4682708
14.29,14.95,14.29,14.91,6980714,1027.129651
14.9,16.4,14.75,16.4,18111742,2865.806775
16.39,16.55,15.91,16,14323096,2319.118628
15.99,16.08,15.58,15.72,10149570,1603.530654
15.66,15.74,15.35,15.51,6358400,984.16118
15.53,16.09,15.4,15.8,9059332,1427.97401
15.61,16.1,15.42,15.56,9049709,1423.888677
15.7,16.5,15.69,16.35,12514450,2024.985874
16.26,16.29,15.7,15.87,7625122,1219.255042
15.64,16.3,15.6,15.92,7052200,1127.26674
15.81,15.86,15.21,15.54,5792410,895.5529064
15.39,16.06,15.11,15.77,8900194,1397.380253
15.72,16.24,15.5,15.72,6775386,1074.070903
15.71,15.88,15.2,15.51,5880717,905.5498993
15.46,16.02,15.3,15.8,8103057,1280.818334
15.89,16.45,15.61,16.3,10154543,1644.286081
16.2,16.79,16.06,16.23,9035114,1475.438148
16.2,16.35,15.91,16.23,4966554,800.2872048
16.2,16.55,16.04,16.38,8301475,1359.630182
16.3,16.34,15.76,15.89,6449375,1025.611296
15.89,16.02,15.59,15.84,4432118,699.1327439
15.8,16.49,15.61,16.19,9564959,1544.551852
16.12,16.12,15.45,15.7,7365658,1154.103935
15.55,15.63,15.46,15.59,3228911,501.2118636
15.47,15.48,15.04,15.17,5110887,778.2294297
15.09,15.25,15.05,15.16,2183958,331.059434
15.11,15.25,15.11,15.16,2570100,390.1795397
15.13,15.24,14.91,14.92,3193498,481.422586
14.86,14.87,14.62,14.68,2932770,431.0198956
14.69,14.79,14.53,14.6,2527000,369.7303887
14.64,14.72,14.46,14.66,1989356,290.8684249
14.66,14.75,14.45,14.45,2809519,411.2360964
14.45,14.52,14.27,14.37,1914554,275.1470264
14.31,14.57,14.25,14.5,1675821,241.8165324
14.37,14.57,14.37,14.51,2717186,394.2560409
14.48,14.5,14.24,14.42,2831297,406.2718924
14.31,14.56,14.3,14.52,1946100,281.93423
14.57,14.57,14.39,14.49,1876282,271.128748
14.46,14.62,14.43,14.48,2212318,320.9451812
14.46,14.49,14.25,14.42,2109227,303.3034115
14.39,14.42,14.22,14.37,2173913,310.678392
14.3,14.33,14.07,14.15,2426200,344.29716
14.2,14.25,14.09,14.23,2790019,395.5687036
14.2,14.46,14.15,14.43,2520253,361.2380814
14.64,14.92,14.57,14.64,4835030,711.1396108
14.55,14.67,14.46,14.65,2440547,355.3903874
14.56,14.89,14.5,14.66,3000472,440.530718
14.6,14.81,14.54,14.78,2403491,353.7755116
14.78,14.94,14.62,14.76,3110585,459.6213055
14.67,15,14.62,14.77,2570544,379.1303986
14.77,14.87,14.62,14.77,2565633,377.9207324
14.76,14.83,14.67,14.72,1983400,292.28285
14.73,14.77,14.6,14.62,2091700,306.55439
14.61,14.71,14.41,14.69,2480197,361.3364355
14.72,14.74,14.53,14.6,1722500,251.49564
14.57,14.82,14.5,14.65,3144400,460.76351
14.67,14.71,14.55,14.56,2338100,341.22299
14.53,14.62,14.47,14.58,2023200,293.96971
14.62,14.8,14.6,14.73,2834350,416.6728
14.83,14.83,14.64,14.7,1972740,290.00906
14.63,14.85,14.56,14.79,2170452,319.8578227
14.78,14.8,14.67,14.78,1610594,237.505269
14.8,14.95,14.71,14.85,4022241,597.7045291
14.55,14.61,14.29,14.32,2971800,429.400616
14.33,14.33,14.08,14.12,2022882,286.4483039
14.12,14.18,14.06,14.13,1196622,169.1304296
14.13,14.17,14.1,14.13,1192567,168.523162
14.1,14.27,14.05,14.26,1103091,156.4539156
14.26,14.33,14.18,14.32,1734291,247.3944657
14.33,14.41,14.3,14.33,1334621,191.3363981
14.35,14.57,14.3,14.48,1972200,284.91262
14.51,14.55,14.4,14.51,1452300,210.27871
14.9,15.22,14.59,14.73,4707842,698.0979231
14.6,14.7,14.44,14.44,2753917,400.6456855
14.46,14.51,14.27,14.48,2412700,347.17556
14.42,14.45,14.23,14.29,1882431,270.1645445
14.2,14.23,14.12,14.17,1502100,212.7246
14.2,14.23,14.04,14.15,1151993,162.3869433
14.16,14.26,14.11,14.2,1634226,231.986066
14.2,14.2,14.06,14.09,1778164,251.0359732
14.12,14.19,14.05,14.06,1845800,260.29209
14.06,14.17,14.01,14.17,1326350,186.945665
14.19,14.2,14.12,14.17,1356579,192.0520847
14.18,14.35,14.1,14.34,2104893,300.5117904
14.39,14.51,14.22,14.27,2824836,404.8796848
14.29,14.3,14.06,14.15,1999740,282.973152
14.18,14.2,14.1,14.13,1672900,236.63139
14.13,14.13,14.02,14.05,1554553,218.2676859
14.03,14.03,13.86,13.87,1400300,194.9412132
13.89,13.97,13.88,13.9,1022525,142.291135
13.88,14,13.85,13.97,1033075,143.9757675
13.92,13.94,13.8,13.82,1521313,210.5369266
13.8,13.8,13.44,13.51,2096800,285.0665717
13.49,13.54,13.26,13.29,1623725,217.9760725
13.28,13.28,13.04,13.16,1590380,209.1488335
13.28,13.31,13.16,13.2,1169335,154.6074335
13.22,13.57,13.2,13.55,1930684,259.2962166
13.48,13.59,13.3,13.53,1638934,220.720278
13.5,13.51,13.4,13.45,1330153,178.9373732
13.45,13.56,13.37,13.51,1192733,160.7496535
13.51,13.55,13.42,13.45,927150,125.092475
13.45,13.57,13.4,13.52,737200,99.4591
13.5,13.66,13.47,13.58,1297276,175.8899532
13.57,13.62,13.52,13.59,1087100,147.64499
13.57,13.71,13.53,13.67,1752140,238.954412
13.66,13.7,13.6,13.64,1438394,196.2199428
13.59,13.68,13.52,13.58,1629900,221.2462
13.58,13.66,13.53,13.57,1447700,196.60466
13.57,13.67,13.38,13.41,1850040,250.498942
13.42,13.46,13.3,13.44,1441500,193.0053
13.49,13.65,13.38,13.6,1686500,227.870224
13.57,13.76,13.43,13.74,2253640,305.639042
13.72,14.16,13.7,14.04,3928451,547.3540998
14.01,14.56,13.91,14.48,5430801,777.8734437
14.43,14.55,14.32,14.46,2159000,311.526942
14.2,14.74,14.09,14.55,4428400,637.8311919
14.4,14.79,14.23,14.61,4605290,669.392254
14.61,14.83,14.38,14.69,3439000,502.52799
14.61,14.78,14.35,14.41,2578386,373.4492481
14.42,14.78,14.39,14.74,3015639,441.2205367
14.74,15.63,14.55,15.41,8082579,1238.113168
15.52,15.7,15.2,15.24,5438353,837.7961671
15.22,16.76,15.22,16.76,15714353,2573.659992
16.88,17.75,16.8,17.65,16696381,2887.987183
18.1,19.42,18.1,19.42,19540597,3710.85436
19.68,21.28,19.42,20.72,19972639,4084.30876
19.96,20.49,19.5,19.99,11784469,2348.644366
20.17,21.99,19.61,21.99,15363891,3278.282423
21.94,22.87,20.91,21.86,16372532,3602.754817
22,22.66,21.44,22.12,8709964,1904.676369
21.9,23.25,21.12,21.59,10885291,2440.970704
21.75,23.75,21.69,23.75,17189884,4043.073487
24.25,26.13,23.8,26.13,20463453,5260.006178
27.4,28.74,26.13,27.12,34758847,9780.559411
26.32,26.71,24.41,25.06,32266826,8118.682787
25.06,26.17,23.76,24.53,16147808,3940.189693
24.39,26.98,24.01,26.98,19297377,4978.750923
25.3,25.95,24.28,24.28,10342126,2560.816579
23.59,24.65,22.6,24.01,20964039,4953.99837
24.3,24.3,22.29,24.1,14958527,3501.57403
24.28,24.42,21.69,22.22,15691134,3513.153664
22.44,22.6,21.11,21.53,7585550,1639.37387
21.53,21.54,20.45,20.76,10552537,2201.058495
20.76,21,19.86,20.32,6439100,1315.54507
20.48,20.48,19.81,20.11,7502102,1510.490008
20.34,21.22,19.69,20.98,7989850,1652.002435
20.89,21.6,20.66,21.08,6507850,1376.555899
21.09,22.54,20.82,22.35,7294694,1593.868128
22.15,22.35,21.08,21.52,7170886,1558.597095
21.69,21.69,19.79,19.9,8575939,1742.287642
20.1,20.85,19.85,20.55,5722113,1170.00769
20.52,21.38,19.98,20.15,6157530,1268.72013
20.23,21.48,20.23,20.96,9344075,1952.842483
20.96,20.96,19.39,19.6,9994037,1994.505044
19.6,19.73,18.4,18.84,7827884,1473.857102
18.86,19.65,18.51,19.45,6833037,1317.523767
19.45,19.45,18.3,18.52,6743504,1269.838641
18.5,18.65,17.86,18.41,7339830,1338.49285
18.42,19.07,18.31,18.94,6058750,1136.698605
18.83,18.83,17.45,17.52,6165062,1104.780892
17.41,17.65,17.06,17.5,5268142,916.0028256
17.69,18.6,17.69,17.83,6908153,1250.213293
17.86,18,17.15,17.67,3874617,677.7060601
17.69,17.75,17.18,17.18,5435980,942.9624663
17.22,17.77,17.21,17.65,5013574,878.768523
17.65,18.18,17.26,18.11,6414375,1143.678259
18,18.02,17.54,17.58,4661906,827.8163565
17.57,18.02,17.4,17.94,4857476,859.9035199
18.21,18.24,17.56,17.76,5279965,943.3442351
17.9,18.27,17.73,18.18,5839823,1054.93565
18.31,18.43,17.8,17.93,7113077,1283.186502
17.87,17.87,17.4,17.57,5572463,979.0469335
17.57,18.12,17.42,17.9,7272751,1296.4762
18.21,19.69,18.21,19.18,20250782,3882.896689
18.31,18.77,17.85,18.49,14291815,2610.79347
18.08,19.37,17.81,18.99,10095151,1873.924641
18.88,19.41,18.55,18.73,8251897,1559.992316
18.76,18.97,18.35,18.9,5845766,1091.371493
18.84,19.05,18.36,18.38,5520360,1028.624995
18.35,19.27,18.22,18.96,10107961,1902.963141
19.05,19.96,19.04,19.27,10805917,2109.129238
19.19,20.55,18.6,20.16,12952934,2534.871757
20.11,22.18,20.02,21.39,29569072,6366.852926
21.34,22.15,20.76,22.13,22164970,4761.629871
22.5,23.5,20.92,21.14,21724824,4814.533137
21.59,22.62,21.35,21.91,18024058,3945.765333
21.78,21.81,20.5,20.8,13148749,2763.846261
20.49,21.64,20.04,21.16,13889012,2896.46332
20.84,23,20.66,21.98,13925600,3026.095175
21.72,24.01,21.72,23.18,17031218,3948.475689
23.27,23.27,20.86,20.86,19202045,4111.675868
20.54,21.27,19.1,20.76,12087706,2470.188299
20.64,20.66,19.86,19.97,9509138,1913.746411
19.81,21.46,19.66,21.3,14185306,2949.55904
21.25,22.1,20.55,20.65,13356041,2843.457543
20.56,21.79,20.55,21.36,11172204,2372.243
21.13,21.36,19.84,19.97,10299572,2072.825115
19.89,20,19.04,19.12,9216766,1780.794474
19.09,20.69,19.03,20.09,12551667,2512.009784
20.32,21.2,20.22,21.08,10950210,2276.972615
21.05,21.2,20.43,20.78,8131209,1693.563665
20.78,20.88,19.43,19.56,8426807,1670.030512
19.55,20.19,19.4,19.99,5160571,1024.86337
19.99,20.05,19.09,19.17,6249889,1213.825601
19.31,19.35,19.02,19.09,3986500,764.16571
19.04,19.62,19.02,19.16,3932102,760.5057028
19.14,19.52,19.14,19.33,2632502,507.969636
19.33,19.37,18.52,18.65,5634028,1056.209883
18.6,18.76,18.38,18.4,2640014,489.191571
18.39,18.51,18.14,18.18,3295116,601.8087572
18.18,19.05,18.06,18.68,5625161,1043.886552
18.49,18.52,18.1,18.28,4394942,801.9735754
18.26,18.38,17.76,18.18,3805900,689.1139
18.11,18.5,17.98,18.19,3506852,640.084124
18.03,18.14,17.63,17.92,2822159,503.9439718
17.8,18.05,17.36,17.36,2855903,502.0572262
17.31,17.7,17.31,17.61,2142300,375.85955
17.81,18.1,17.2,17.26,2902600,508.81296
17.15,17.49,16.75,17.11,2621887,448.4443735
17.4,17.85,17.28,17.76,2858682,503.7760383
17.77,18.15,17.63,18.15,2873300,515.0872597
18.27,18.5,17.8,18.5,3665338,671.7047468
18.37,18.68,18.37,18.63,3465517,642.4739592
18.45,18.66,18.15,18.2,2778000,511.22654
18.02,18.17,17.56,17.7,2802900,499.25185
17.67,17.86,17.57,17.71,1606600,284.35408
17.8,17.9,17.48,17.58,2652302,467.9489204
17.46,17.9,17.46,17.85,2865521,508.629616
17.68,17.72,17.44,17.58,3376760,593.216878
17.69,19.34,17.69,19.34,10339064,1948.380582
19,19.73,18.7,19.26,15350617,2939.316314
19.26,19.4,18.76,19.13,8223968,1564.759706
18.96,20.08,18.54,18.85,11223222,2171.83935
19,19.9,18.73,19.74,12125037,2355.983673
19.68,19.69,19,19.45,8430039,1625.01071
19.32,19.52,19,19.13,5027010,964.29219
19.03,19.27,18.75,19.1,3984504,755.67794
19.28,19.28,18.78,18.85,4056328,771.09607
18.76,19.54,18.4,19.23,6896279,1309.91253
18.99,19.48,18.77,19.03,5136758,984.52081
18.97,19.07,18.16,18.17,4427979,822.27935
18.35,18.69,17.56,18.39,5083673,925.85972
18.84,19,18.3,18.83,5607166,1047.7442
18.45,18.64,17.86,18.32,4201426,763.13823
18.1,18.17,17.45,17.45,2992766,534.67393
17.27,17.4,15.71,16.15,5228574,880.91715
16.45,16.63,15.72,16.48,4421195,717.40692
16.66,16.92,16.46,16.51,3547515,591.66085
16.45,17.35,16.31,17.16,4585751,781.7965442
17.39,17.39,16.78,16.97,2859526,485.5237418
16.92,16.98,16.68,16.8,2472600,415.44651
16.88,17.16,16.75,16.78,2423616,409.9882492
16.68,16.83,16.4,16.6,2024426,336.608889
16.6,16.77,16.54,16.56,1900028,316.3410833
16.7,17.2,16.31,17.12,3465911,585.1432054
17.2,17.21,16.81,16.98,2074187,352.2403369
16.92,17.12,16.91,17.08,1786387,304.4395357
17,17.74,16.98,17.66,3574819,624.1158516
17.6,17.6,17.02,17.25,3057939,526.877738
17.27,17.95,17.21,17.85,3326863,587.8958355
17.8,17.95,17.56,17.57,2771569,491.3504808
17.55,17.74,17.27,17.36,2980164,518.9749375
17.35,17.35,17.05,17.16,2101100,360.3904392
17,17.32,17,17.28,1391966,239.4104788
17.18,17.47,16.96,17.01,1789000,305.3948035
16.98,17.16,16.98,17.04,1691200,288.72492
17.05,17.66,16.89,17.36,2359500,408.3712
17.21,17.3,16.84,17.17,1709300,291.23046
17.17,17.99,17.1,17.99,4192593,743.7870326
17.9,18.17,17.61,17.73,2472490,442.999328
17.7,17.7,16.06,16.15,7227010,1206.18187
16.06,16.74,15.8,16.37,3795098,619.0569678
16.2,16.44,15.7,15.7,4494400,720.99241
15.72,15.95,15.31,15.38,3137040,491.2583896
15.79,16.92,15.61,16.92,6474552,1060.951131
16.98,17.36,16.49,17.12,6541714,1107.22843
17.03,17.35,16.73,17.24,4938905,842.4430176
17.07,18.11,17.01,17.9,5797135,1028.581575
17.51,18.05,17.38,17.8,4795647,853.8922166
17.66,18.47,17.66,18.45,5933515,1080.137927
18.42,18.95,18.02,18.6,5009285,926.8143137
18.63,18.91,18.1,18.13,5828250,1077.461535
18.3,18.76,18.22,18.38,4966798,917.5054328
18.38,19.18,18.22,19.01,5353387,1000.810886
18.92,18.95,18.4,18.56,4843913,901.3864124
18.63,18.79,18.03,18.17,4368541,795.7820198
18.2,18.77,18.07,18.65,4070100,750.8189
18.63,19.58,18.34,19.4,6518410,1239.002476
19.47,19.49,18.9,18.97,4135258,790.8626826
19,19.05,18.76,18.94,2179761,410.8707745
18.9,19.24,18.4,18.44,5183313,972.6945572
18.68,19.27,18.28,19.23,5253903,991.8759806
19.21,19.49,18.91,19.01,3856927,737.2577674
19.18,19.49,18.82,19.16,3779532,726.0641872
19.41,19.84,19.07,19.66,4844359,946.7949626
19.88,20.33,19.5,19.72,6825373,1359.074848
19.89,20.41,19.32,19.88,5642910,1109.656851
19.77,19.77,19.26,19.27,4215194,820.1130438
19.24,19.47,18.95,19.16,5731394,1094.761511
19.2,19.4,18.93,19.26,5950845,1141.903883
19.25,19.78,19.16,19.68,6131782,1196.873464
19.79,20.19,19.45,19.58,4580744,904.1677711
19.53,21.54,19.53,21.54,11521696,2422.854104
21.4,21.4,20.41,20.75,14097589,2929.221245
20.54,21.66,20.3,21.33,12966560,2731.860438
21.15,21.32,20.65,20.71,9000812,1889.510995
14.58,14.86,14.51,14.83,7113381,1045.468029
14.83,14.97,14.64,14.91,6793154,1008.999217
15.2,15.62,14.91,14.97,10600036,1612.500178
14.91,15.3,14.66,14.88,9348076,1404.799955
14.8,14.81,14.3,14.41,6719219,977.4579396
14.4,14.43,13.8,14.37,7487329,1057.782541
14.35,14.69,14.24,14.46,6646108,963.9166069
14.34,15.07,14.34,14.97,8413566,1246.166987
14.84,15.23,14.7,14.89,6370580,947.8024976
14.89,14.9,14.2,14.29,10410019,1507.995958
14.4,14.77,14.22,14.67,8860957,1285.801954
14.68,15.48,14.66,14.7,13906908,2098.864569
14.65,15.15,14.5,15,12185694,1807.367048
15.19,15.5,14.94,15.24,11177787,1700.441391
15.11,15.6,14.92,14.99,9538880,1443.957468
16.49,16.49,16.49,16.49,12005582,1979.720472
16.89,17.8,16.28,16.52,42636411,7175.882048
16.4,17.33,16.37,16.75,30393023,5113.808108
16.53,16.72,15.9,16.11,23045812,3763.878588
16.05,16.41,15.7,16.39,16224028,2626.41332
16.21,16.31,15.8,15.95,12279927,1955.96374
15.93,16.12,15.7,15.75,11461110,1817.095039
15.89,16.29,15.85,16.21,12382766,1991.783457
16.22,16.24,15.81,15.9,9937679,1584.836544
15.9,16.01,15.79,15.95,6824994,1084.523618
15.99,15.99,15.64,15.87,7448213,1179.79106
15.8,16.19,15.73,15.92,8518052,1360.122432
16.01,16.09,15.01,15.02,11498830,1770.833956
15.17,15.33,14.78,15.22,7314403,1108.258829
15.15,15.35,15.09,15.1,5331700,810.28859
15.31,15.35,14.91,15.01,6794560,1025.875593
15,15.26,14.8,14.82,8374506,1256.089013
14.67,14.99,14.47,14.89,6971610,1025.778858
14.79,14.8,14.1,14.21,7349487,1052.438959
14.23,14.57,14.12,14.15,5402746,774.3574774
14.19,14.47,14.12,14.44,4313575,617.7562378
14.44,14.76,14.21,14.74,5219990,756.645548
14.61,15.01,14.56,14.95,5300820,788.59975
14.99,14.99,14.8,14.84,4305700,640.04771
14.87,14.87,14.69,14.79,2841068,419.1523268
14.87,14.99,14.8,14.95,4016321,598.4750766
14.88,15.11,14.85,14.9,4626400,692.637288
14.88,15.06,14.65,14.86,6927457,1024.812054
15.02,15.28,14.9,15.15,8771108,1320.937428
15.23,15.48,15.16,15.33,9394130,1439.687497
15.33,15.43,14.83,14.85,8985434,1353.470703
14.89,15.64,14.75,15.5,13182034,2013.611489
15.58,15.96,15.23,15.37,10705182,1654.08597
15.38,15.74,15.27,15.64,11427797,1780.433982
15.49,15.65,15.01,15.06,11635256,1779.155131
15.28,15.48,14.98,15.37,9588342,1462.428621
15.31,15.7,15.21,15.26,8482000,1312.40635
15.1,15.3,14.69,15.12,7694480,1148.932606
15.2,15.48,14.55,14.65,9833140,1456.427962
14.51,14.72,14.2,14.21,7778445,1119.767727
14.29,14.36,14.07,14.08,5217155,740.8264035
14.19,14.53,14.16,14.35,6467475,927.6651523
14.3,14.91,14.25,14.85,9568642,1406.383667
14.9,15.43,14.68,15.39,10075531,1532.369437
15.28,15.5,15.15,15.45,6108260,936.662312
15.45,15.78,15.3,15.44,5589400,867.617732
15.51,15.65,15.3,15.34,4726860,728.54457
15.34,15.46,15.12,15.19,4768820,725.883869
15.01,15.08,14.7,14.92,5694721,847.5604315
15,15.04,14.36,14.53,6426755,937.922857
14.5,14.5,14.17,14.17,6168597,884.2887791
14.19,14.28,13.74,14.07,6208440,866.306108
14.15,14.43,14.08,14.4,4093980,585.69635
14.38,14.73,14.06,14.66,4956040,721.244616
14.6,14.73,14.45,14.64,3372013,494.0178964
14.64,14.74,14.25,14.29,3206240,462.880072
14.21,14.29,13.86,13.88,2745720,385.790068
13.99,14.16,13.76,14.01,3910070,544.716165
14.06,14.11,13.46,13.54,4694940,642.359583
13.69,13.77,13.39,13.47,2844040,385.670264
13.42,13.55,13.33,13.35,3282720,440.801388
13.45,13.53,13.1,13.2,4250880,566.406406
13.27,13.6,13.03,13.54,3915730,523.103384
13.59,14.34,13.59,14.08,8173188,1141.65446
13.99,14.72,13.85,14.65,8483054,1220.262312
14.6,14.7,14.48,14.57,5104500,744.190478
14.56,14.61,14.1,14.2,6282180,894.595042
14.37,14.38,14.03,14.09,4969231,706.2307486
14.09,14.16,13.93,13.95,3381442,475.261201
13.88,13.95,13.46,13.5,5758532,785.4321186
13.52,13.71,13.47,13.49,4001652,543.4072088
13.55,13.81,13.25,13.35,5660260,764.796574
13.62,14.06,13.4,14.06,13372167,1844.793082
14.02,14.44,14.01,14.15,10715340,1519.816503
14.03,14.3,13.72,13.72,7903880,1108.181308
13.69,13.72,13,13,8661830,1151.836694
12.98,13.05,12.71,12.85,5987365,771.4914242
12.95,13.35,12.88,13.32,6514493,859.0469849
13.3,13.41,13.2,13.28,5155219,685.5005561
13.28,13.41,13.26,13.3,4096306,546.2560163
13.4,13.62,13.26,13.54,5811723,785.2006196
13.57,13.62,13.42,13.59,5825065,787.2802466
13.59,13.59,13.4,13.45,3548872,478.2813348
13.48,13.57,13.35,13.44,4134129,556.7180808
13.35,13.55,13.32,13.41,3119040,418.993274
13.59,13.7,13.48,13.54,5151137,698.3764735
13.6,13.62,13.4,13.43,5055169,682.0114186
13.43,13.59,13.38,13.59,4976554,671.0054999
13.6,13.9,13.6,13.68,6316221,866.982959
13.56,13.62,13.45,13.55,3659917,494.824436
13.5,13.66,13.45,13.6,4360958,590.3753349
13.51,13.72,13.26,13.6,4836882,654.6600913
13.56,13.95,13.56,13.78,7342020,1012.481177
13.76,14.03,13.65,13.96,7204675,1000.055506
13.96,14.16,13.91,14,6102204,857.1884076
14,14.24,13.92,14.18,5669336,801.3983187
14.05,14.19,13.76,14.15,5602913,784.6932805
14.15,14.15,13.97,14.1,6410795,902.2273799
14.1,14.23,14,14.09,4779274,675.5094725
14.1,14.23,14.1,14.16,4733810,670.252672
14.11,14.15,13.95,14.06,4275869,600.3149355
14.08,14.5,14.04,14.5,8170231,1164.820281
14.37,14.67,14.17,14.23,7684851,1099.744258
14.16,14.25,14.02,14.08,4556883,642.8670257
14.08,14.11,13.98,14,3287940,461.07492
14,14.05,13.9,13.98,3348100,467.280072
13.95,13.98,13.66,13.68,4606859,634.0274354
13.69,13.78,13.66,13.73,2305065,316.0959311
13.72,13.91,13.61,13.85,3134630,429.8226675
13.8,14.23,13.64,14.23,9913979,1387.745515
14.15,14.79,14.12,14.78,14712914,2141.339998
14.76,14.76,14.41,14.56,7180913,1045.829038
14.43,14.77,14.38,14.73,6295193,919.336208
14.66,14.66,14.33,14.55,5078132,737.1743834
14.55,14.62,14.09,14.1,4011560,572.3127035
14.14,14.3,13.91,14.14,2801960,395.56228
14.16,14.17,13.97,14.16,2636130,371.205495
14.2,14.5,14.13,14.46,5720165,819.388324
14.39,14.76,14.31,14.57,5024110,733.568716
14.51,15.29,14.41,15.08,14886290,2241.141977
15.2,15.33,15.06,15.22,6641672,1009.637025
15.22,15.29,14.94,15.14,6507803,982.2793138
15.06,15.21,15.03,15.15,3875497,586.1892937
15.16,15.25,15.02,15.04,3342840,504.437822
15.04,15.5,15,15.17,4881254,745.122973
15.2,15.22,14.92,14.92,3627086,545.1477332
15.1,15.1,14.83,14.84,2807995,418.7069778
14.99,15,14.78,14.79,2494760,370.86505
14.81,14.9,14.74,14.79,2524254,374.1265092
14.87,14.94,14.73,14.82,2995348,444.1520787
14.83,15.06,14.75,15.04,3927143,586.4303274
14.93,15.03,14.67,14.67,3830335,566.1455638
14.85,14.91,14.67,14.87,2483129,368.5822003
14.89,14.9,14.75,14.88,1721536,255.0152592
14.65,14.68,14.23,14.65,7566581,1100.156482
14.8,14.88,14.55,14.76,5037720,741.2409051
14.73,14.84,14.63,14.83,3315829,488.9634164
14.83,15,14.79,15,3352746,499.0977606
15.01,15.01,14.87,14.94,2461707,367.4976987
14.93,14.95,14.61,14.81,2560723,377.949309
14.72,14.8,14.56,14.72,3048810,447.8747206
14.71,14.86,14.67,14.84,2753976,406.9131344
14.99,14.99,14.72,14.73,2094320,310.8393471
14.71,14.76,14.6,14.74,2298830,338.094458
14.71,14.92,14.67,14.87,3221544,476.8916347
14.95,15.01,14.86,14.9,3701730,552.2949556
14.99,14.99,14.85,14.94,3157137,470.995252
14.93,14.94,14.66,14.71,3699414,546.1550016
14.7,14.77,14.24,14.37,4934167,717.9660728
14.42,14.48,14.3,14.32,2528067,363.4039499
14.38,14.56,14.24,14.55,3164100,455.7334172
14.55,14.72,14.54,14.65,3298737,482.5797095
14.6,14.7,14.53,14.58,2028399,296.3211214
14.58,14.66,14.38,14.44,3009278,435.8353198
14.45,14.47,14.33,14.42,1810820,260.743202
14.36,14.59,14.31,14.5,2007343,290.8804922
14.49,14.72,14.48,14.68,2517012,367.2732251
14.76,14.93,14.68,14.87,5025607,746.2054982
14.87,14.93,14.8,14.82,3150740,467.919618
14.81,14.97,14.8,14.95,3879984,578.5155192
14.97,15.13,14.88,15.04,4244613,638.1719223
15.05,15.68,15.03,15.44,11837842,1831.966435
15.4,15.92,15.29,15.91,16887460,2657.487019
15.91,16.51,15.8,16.21,13909925,2253.311718
16.25,16.29,15.58,15.69,11507073,1825.189134
15.54,15.73,15.24,15.39,7539046,1161.92195
15.4,15.65,15.26,15.31,5511820,849.899436
15.36,15.76,15.22,15.72,6313661,983.5872641
15.6,15.68,15.31,15.32,5079960,784.0165839
15.49,15.51,15.1,15.25,4093708,625.2774634
15.21,15.24,14.91,14.97,6990518,1048.681941
15.11,15.11,14.91,15.01,3879520,581.3048842
15.13,15.33,15.02,15.22,4462710,678.9990498
15.22,15.25,15.04,15.24,3701252,560.3731844
15.27,15.32,15.13,15.29,4300818,656.2062244
15.25,15.3,15.03,15.05,4256140,642.922976
15.14,15.27,15.1,15.18,3220621,489.0850355
15.15,15.26,15.06,15.22,3171925,480.669252
15.1,15.16,14.58,14.82,8898832,1317.034957
14.83,14.98,14.76,14.82,3169099,471.2989142
14.83,14.89,14.72,14.86,3111703,460.8358289
14.85,14.9,14.78,14.87,2430300,360.47016
14.87,14.87,14.55,14.61,5499180,805.159882
14.61,14.71,14.57,14.71,2306171,337.8757572
14.67,15,14.61,14.85,3684536,547.657611
14.85,14.85,14.56,14.77,3046560,447.786728
14.69,14.83,14.61,14.75,3531940,520.5376635
14.75,14.85,14.39,14.47,6293360,913.9910508
14.49,14.58,14.41,14.48,4348028,629.5854974
14.48,14.62,14.43,14.55,5320800,773.297108
14.58,14.58,14.44,14.54,3205540,464.7610046
14.46,14.62,14.46,14.48,2904964,421.8361164
14.45,14.5,14.25,14.34,4680246,671.5753415
14.3,14.43,14.2,14.27,3980861,569.6495007
14.25,14.32,14.06,14.13,3413656,483.8639156
14.11,14.18,13.75,13.93,3189740,444.973132
13.86,14.2,13.86,14.13,2467860,348.119682
14.04,14.32,14.01,14.26,2563440,363.459778
13.95,13.99,13.52,13.86,9235518,1264.189137
13.71,14,13.68,13.98,3707720,514.200866
13.95,13.98,13.67,13.78,2743837,378.3039149
13.81,13.98,13.7,13.9,3991691,554.0238741
13.91,14.15,13.86,13.9,3369680,472.574736
13.86,14.04,13.7,13.75,2969320,410.5760406
13.82,14.37,13.76,14.3,7963890,1127.058161
14.28,14.65,14.17,14.34,5238424,757.5412545
14.36,14.51,14.34,14.47,3593540,518.5597895
14.45,14.64,14.3,14.42,3013600,435.991611
14.36,14.68,14.31,14.63,3563490,519.3601762
14.63,14.69,14.53,14.57,2535606,370.6263913
14.58,14.6,14.4,14.43,1744532,252.46875
14.45,14.75,14.36,14.7,3292742,482.846254
14.67,14.72,14.42,14.43,2632229,382.305121
14.42,14.51,14.29,14.3,1641440,235.95349
14.26,14.5,14.22,14.49,2280100,328.6297537
14.49,14.63,14.39,14.41,1771860,256.300056
14.38,14.76,14.38,14.7,3920883,575.3641926
14.74,14.87,14.5,14.66,2903943,425.9557564
14.63,14.71,14.24,14.35,3192798,459.892845
14.37,14.39,14.07,14.12,3352424,477.0189805
14.2,14.3,14.12,14.19,2099791,297.9088447
14.19,14.36,14.16,14.16,2370040,337.436088
14.14,14.19,13.72,13.73,3669100,508.94739
13.78,13.78,13.66,13.68,2059933,282.1710432
13.71,13.81,13.63,13.79,1725697,237.0637236
13.81,14.01,13.76,13.96,1957651,272.2747179
14.52,15,14.25,14.42,11732993,1711.697427
14.34,14.56,13.93,14,5780893,813.2010206
13.99,14.08,13.67,13.86,4209598,583.3870016
13.86,14,13.81,13.99,2287775,318.5243552
13.76,13.8,13.65,13.7,2215572,303.903043
13.74,13.85,13.69,13.84,1771571,244.0317502
13.86,13.93,13.74,13.78,2476664,342.0019651
13.79,14.09,13.73,13.84,3543230,494.1984396
13.86,14.25,13.85,14.2,6093896,860.6052483
14.2,14.22,13.91,14.14,3682240,518.935144
14.11,14.38,14.08,14.28,3154407,449.9810445
14.3,14.3,14.07,14.1,2853580,403.9498736
14.03,14.17,13.99,14.07,2044575,287.878811
14.07,14.14,13.95,14.09,2801147,393.6274752
14.11,14.14,13.88,13.96,2683204,374.3822557
13.91,14.08,13.89,13.99,2469507,345.4256632
13.99,14.03,13.88,13.92,1720654,239.5753859
13.86,14.05,13.86,13.97,2432051,339.6074309
14.05,14.24,14,14.09,2991164,421.5388952
13.91,14.02,13.65,13.91,4852378,670.4128508
13.88,13.91,13.76,13.77,1884136,260.4075294
13.79,13.87,13.76,13.83,1152384,159.2582544
13.81,13.93,13.74,13.81,1674044,231.1753609
13.8,13.81,13.69,13.74,2132240,292.658464
13.75,13.78,13.65,13.75,1262580,173.138368
13.73,13.77,13.69,13.73,967164,132.7785021
13.72,13.75,13.65,13.66,1360000,186.267662
13.72,13.72,13.63,13.66,914230,124.9371946
13.66,13.71,13.6,13.66,967180,132.037466
13.71,13.81,13.66,13.8,2229228,306.3200824
13.78,13.8,13.7,13.77,1458180,200.357814
13.83,13.94,13.78,13.87,3543367,491.4960607
13.8,13.96,13.78,13.94,2007475,279.1263221
13.94,14.02,13.9,14.02,2321562,324.4056248
14.02,14.16,13.98,14.12,2444830,344.554441
14.13,14.16,14.05,14.07,1788150,252.110911
14.15,14.15,13.98,14.05,1620602,227.7408892
14.05,14.11,13.97,13.98,1443918,202.4239044
13.95,14.01,13.85,13.98,1558732,217.1070823
13.93,14.07,13.93,13.98,1405526,196.524547
13.94,13.98,13.89,13.92,918660,127.926306
13.95,14.01,13.89,13.96,1256380,175.328596
13.99,13.99,13.85,13.86,1323120,183.82649
13.85,13.94,13.71,13.91,1252633,173.4180163
13.93,14.04,13.89,13.93,1149460,160.504054
13.9,13.96,13.75,13.79,1314678,181.6996462
13.79,13.8,13.62,13.74,1458900,199.873696
13.76,14.07,13.68,13.78,2031501,281.4500962
13.75,13.87,13.7,13.71,1200523,165.2866448
13.75,13.78,13.54,13.71,1843760,251.498803
13.71,13.75,13.62,13.67,967800,132.412512
13.66,13.74,13.58,13.58,1473040,200.857226
13.54,13.71,13.48,13.6,1622420,220.960102
13.9,13.95,13.47,13.48,3183889,437.2806456
13.56,13.58,13.49,13.51,1379046,186.593609
13.51,13.57,13.34,13.39,1550460,208.620298
13.43,13.46,13.24,13.4,1881440,251.28429
13.42,13.46,13.33,13.45,760840,101.971186
13.46,13.59,13.4,13.58,1644276,222.4487574
13.58,13.66,13.51,13.61,1239920,168.4894952
13.56,13.62,13.5,13.55,1148968,155.6687232
13.56,13.59,13.46,13.47,1089024,147.0672876
13.45,13.63,13.4,13.56,863572,116.8078404
13.54,13.65,13.54,13.61,1274500,173.375204
13.57,13.74,13.57,13.61,1162780,158.916326
13.58,13.68,13.58,13.62,1258540,171.586974
13.64,13.8,13.62,13.76,2286320,314.216088
13.77,13.81,13.52,13.63,2781576,379.9752956
13.58,13.6,13.45,13.54,1766689,238.8123531
13.54,13.68,13.53,13.65,1286776,175.3951502
13.61,13.74,13.58,13.59,1103500,150.555103
13.55,13.62,13.39,13.42,1682720,226.72951
13.41,13.52,13.36,13.49,1707575,229.4871695
13.44,13.52,13.42,13.49,762614,102.7021652
13.45,13.49,13.38,13.4,791050,106.132602
13.41,13.49,13.37,13.4,783010,105.123399
13.39,13.5,13.37,13.48,974080,131.053176
13.46,13.57,13.44,13.56,1184920,160.03793
13.57,13.59,13.41,13.55,1639480,221.202812
13.52,13.69,13.5,13.56,1593219,216.8060377
13.54,13.7,13.54,13.68,1132239,154.4396562
13.66,13.67,13.57,13.57,984055,133.8221926
13.58,13.65,13.51,13.57,1042416,141.311344
13.54,13.68,13.53,13.65,1218079,166.0342136
13.66,13.66,13.45,13.45,1119375,151.5733925
13.4,13.42,13.14,13.14,2105780,278.71129
13.15,13.36,13.05,13.08,1545640,203.706982
13.16,13.16,12.8,12.8,1932860,249.83523
12.88,13.14,12.81,13.06,1182741,153.6677859
13.16,13.22,12.95,13.03,1406253,184.0642369
12.96,13.35,12.93,13.34,1494284,196.9676708
13.26,13.58,13.26,13.51,1277635,172.3199418
13.52,13.72,13.49,13.63,2074347,282.4781987
13.67,14.12,13.66,14.09,8304373,1159.421686
14.15,14.31,14.05,14.24,5171887,733.9436281
14.21,14.29,14.06,14.19,2567081,364.2661763
14.14,14.37,14.12,14.31,2742376,392.3320874
14.34,14.39,14.07,14.15,3143874,445.6684968
14.1,14.14,13.96,14.07,3056600,429.9221119
14.09,14.19,14,14.17,1855484,261.8233152
14.17,14.28,14.1,14.19,1451207,206.3462585
14.15,14.21,14.04,14.2,1596241,225.4935137
14.19,14.28,14.03,14.15,1735485,245.2002167
14.17,14.27,14.09,14.09,1958860,277.56738
14.15,14.21,14.06,14.13,2139900,302.278694
14.11,14.19,14.05,14.11,1173142,165.6937372
14.12,14.15,14.01,14.13,1386580,195.524786
14.12,14.2,14.08,14.1,1602089,226.4132689
14.15,14.18,14.03,14.04,1565080,220.819514
14.09,14.16,14.02,14.02,1114980,157.093379
13.99,14.15,13.98,14.1,1722754,242.6825738
14.17,14.18,14.03,14.05,1320847,186.2096139
14.09,14.1,13.91,14.04,1449523,203.0914901
14.03,14.1,13.87,14.09,2063446,289.0661431
14.06,14.12,13.93,13.95,1148926,160.9266902
13.97,14.09,13.94,14.05,1180295,165.5661846
14.06,14.12,13.94,14.07,1139556,160.2427144
14.15,14.15,13.95,14.08,1531560,214.926895
14.1,14.25,14,14.01,2090394,295.5639084
14,14.09,13.87,13.97,2093997,292.9809972
13.95,14.06,13.89,13.95,1897511,264.8216094
13.98,14.07,13.84,13.86,3158025,440.0896905
13.85,13.88,13.62,13.85,2067311,284.419325
13.85,13.93,13.75,13.93,1971440,273.455558
13.93,14.13,13.91,14.04,2142195,300.271202
14.11,14.18,13.9,14.12,1672590,235.1881192
14.18,14.19,13.93,13.98,1485980,208.551356
13.99,13.99,13.85,13.88,1298737,180.7175518
13.91,13.91,13.72,13.78,1481969,204.0425355
13.76,14,13.73,13.84,1698121,236.1263676
13.82,13.92,13.63,13.87,2268004,312.4397525
13.87,13.97,13.75,13.82,2006826,278.0506538
13.75,13.83,13.53,13.67,1978950,269.61777
13.68,13.8,13.6,13.64,1949408,266.9436992
13.7,13.93,13.63,13.92,1794854,247.5038414
13.91,14.19,13.81,13.93,2689180,375.210338
13.91,13.95,13.71,13.79,2856627,394.8634605
13.73,14.15,13.71,14.09,3604175,505.386184
14.08,14.2,14.08,14.19,2456452,347.7745796
14.27,14.27,14.1,14.23,2534532,359.7019604
14.21,14.32,14.1,14.13,2481871,352.9713172
14.15,14.23,13.96,13.98,2228420,312.954714
14,14.09,13.84,14.02,1857900,259.3577
14.03,14.07,13.93,14.01,1593360,223.343114
14.02,14.06,13.92,14.04,2376084,332.9091105
13.98,14.26,13.98,14.16,2331625,330.629474
14.17,14.22,14.11,14.18,1709034,242.2956652
14.14,14.18,13.99,14.15,1916040,269.734172
14.15,14.28,14.08,14.1,2936405,417.1633511
14.05,14.11,13.66,13.92,4501795,622.225464
14,14.05,13.71,13.78,2058418,285.0527121
13.77,13.78,13.06,13.18,4039665,540.131904
13.18,13.21,12.86,13.17,3483176,454.0921
13.19,13.49,13.08,13.49,3508810,466.5715997
13.45,14.05,13.4,14.04,3038747,421.1918162
14.03,14.23,13.94,14.17,3255100,460.06506
14.16,14.33,14.1,14.13,3484480,494.797448
14.02,14.18,13.9,13.93,3509100,493.03974
13.97,14.1,13.77,13.81,4109334,572.4757829
13.75,13.84,13.42,13.59,3277440,447.1389418
13.59,13.84,13.26,13.42,4221140,573.43828
13.39,13.39,12.85,12.98,6992522,914.0336733
12.95,13.57,12.76,13.35,5397175,711.00503
13.35,13.54,13.16,13.34,4421984,589.7283164
13.37,13.84,13.25,13.82,7334011,991.9188267
13.84,14.12,13.84,14.05,5621406,787.781317
14.02,14.21,13.97,14.07,3117772,439.7322794
14.1,15.09,14.04,15.03,13529019,1986.295664
14.87,16.28,14.81,16.24,19306959,3056.775513
16.24,16.3,15.77,15.95,11177535,1787.95561
15.93,16,15.61,15.7,8068431,1272.745757
15.63,16.04,15.63,15.96,5640619,896.8068046
15.98,16.1,15.32,15.38,7347022,1145.951005
15.36,15.71,15.3,15.54,5885540,910.977956
15.53,15.71,15.4,15.55,3897700,605.475472
15.59,16.14,15.41,16.11,8229107,1305.079339
16.14,16.59,15.99,16.25,7415661,1206.925789
16.25,16.53,16.04,16.1,5900674,959.3332112
16.08,16.28,16,16.16,4607394,744.880573
16.13,16.27,16.03,16.26,3972369,641.8771817
16.3,16.55,15.97,16.21,4194828,680.164487
16.1,16.15,15.63,15.68,6458335,1017.004489
15.68,15.95,15.61,15.84,2939584,463.9582212
15.8,16,15.7,15.96,2714970,431.507207
15.9,16.32,15.86,16.11,4729726,763.1589337
16.04,16.23,15.81,15.99,3088230,493.456411
15.91,16.02,15.69,15.7,3378140,534.802504
15.6,15.81,15.57,15.7,2825341,443.0129618
15.78,15.78,15.55,15.61,2247365,351.5437713
15.61,15.75,15.49,15.69,2764820,431.860324
15.61,16.13,15.58,15.79,3585075,
15.8,15.89,15.5,15.68,2983000,
15.64,16.06,15.56,15.72,3821720,
15.76,15.97,15.62,15.78,3867900,
15.84,16.15,15.78,16,3277240,
15.95,16.07,15.64,15.74,4629740,
15.66,16.02,15.66,15.79,3134731,
15.7,15.84,15.58,15.81,3483660,
15.77,16.71,15.73,16.71,13862827,
16.7,16.7,15.99,16.49,11425173,
16.45,17.36,16.38,16.95,12570688,
16.82,17.46,16.71,17.27,9265264,
17.24,17.37,16.88,17.08,5777680,
17.16,17.91,17.02,17.82,11815251,
17.74,18.22,17.55,17.72,9878207,
17.69,17.98,17.34,17.94,5228665,
17.97,18.31,17.49,17.6,6360551,
17.53,17.9,17.5,17.63,4692763,
17.53,17.84,17.29,17.4,5280770,
17.38,17.52,16.8,16.92,5462364,
16.93,17.26,16.9,17.07,4522720,
17.03,17.09,16.75,16.92,4192602,
16.86,17,16.66,16.78,4464740,
16.78,16.99,16.56,16.69,5322652,
16.69,17.08,16.61,16.99,4589918,
17.1,17.36,16.77,17.24,6612875,
17.23,17.25,16.93,17,4519182,
17.02,17.25,16.91,17.06,4390345,
17.06,17.9,16.93,17.68,9531447,
17.51,18.09,17.51,18.04,15894277,
18,18.24,17.65,17.91,11065112,
17.71,17.76,17.12,17.31,10566921,
17.29,17.43,16.96,16.97,5732158,
16.95,17.05,16.7,16.8,4730010,
16.73,17.18,16.73,16.99,4939240,
16.96,17.3,16.93,17.26,5289880,
17.25,17.25,17.01,17.07,2396787,
17.14,17.35,17.06,17.11,4141244,
17.13,17.19,16.88,16.89,2857840,
16.88,17.63,16.86,17.43,7671509,
17.51,17.78,17.38,17.64,6013926,
17.65,18.09,17.63,17.97,7319603,
17.87,18.04,17.59,17.97,6555080,
17.88,18.09,17.71,17.79,5929961,
17.71,17.97,17.55,17.77,4672729,
17.75,17.96,17.56,17.7,4907833,
17.75,17.83,17.41,17.72,3845960,
17.77,17.84,17.61,17.62,3869190,
17.65,18.75,17.5,18.35,10583148,
18.32,18.86,18.21,18.72,7197202,
18.76,18.82,17.87,18.1,6005220,
17.99,18.18,17.71,18.15,5499640,
18.09,18.48,18.06,18.27,5002822,
18.24,18.3,17.51,17.58,6956244,
17.5,17.75,17.27,17.28,4675760,
17.28,17.39,16.9,17.08,6506100,
17.15,17.28,17.03,17.2,4176500,
17.13,17.31,17,17.06,4096241,
17.07,17.8,17.06,17.5,6520584,
17.5,17.72,17.32,17.43,6021956,
17.39,17.5,17.12,17.23,4027985,
17.15,17.37,17.04,17.36,3219320,
17.29,17.97,17.23,17.55,6713676,
17.55,17.74,17.31,17.6,6576646,
17.53,18.74,17.52,18.7,11644869,
18.65,18.99,18.24,18.91,6619064,
18.82,18.94,18.11,18.18,7457800,
18.18,18.45,17.94,18.05,5523383,
18.08,18.13,17.61,17.95,4244758,
17.87,18.59,17,18.21,10857478,
18.03,18.26,17.78,18.26,6689475,
18.15,18.18,17.36,17.47,7840907,
17.64,17.78,17.41,17.77,5058960,
17.66,17.92,17.18,17.23,5587240,
17.18,17.4,16.9,17.39,3416700,
17.38,17.57,17.15,17.53,3798684,
17.55,17.55,16.71,16.74,6641944,
16.65,16.83,16.31,16.83,4555824,
16.87,17.38,16.87,16.98,6143672,
16.93,16.99,16.39,16.57,4827124,
16.61,16.74,16.52,16.56,2566272,
16.52,17.48,16.5,17.2,7831209,
17.17,17.23,16.66,16.77,5738547,
16.7,16.78,16.47,16.76,2751726,
16.78,17.08,16.7,16.98,3029969,
16.93,16.95,16.58,16.66,2546440,
16.64,16.69,16.36,16.67,4824600,
16.65,17.1,16.6,17.08,5185463,
17,17.03,16.71,16.76,2516700,
16.71,16.78,16.47,16.47,2167900,
16.57,16.65,16.24,16.32,3540489,
16.35,16.67,16.31,16.44,2929040,
16.44,16.55,16.34,16.51,2379740,
16.56,16.75,16.5,16.57,2675784,
16.69,16.84,16.51,16.55,1979881,
16.82,16.96,16.43,16.9,4423493,
16.86,17.84,16.74,17.7,8853540,
17.65,17.88,17.57,17.73,3726780,
17.77,17.77,17.19,17.28,3811900,
17.33,17.57,17.22,17.52,2056760,
17.6,17.6,17.16,17.26,2059400,
17.29,17.29,17.02,17.08,1362121,
17.17,17.46,17.07,17.4,2982080,
17.37,17.45,16.84,16.97,3140473,
17.01,17.08,16.88,17.04,1361920,
16.95,17.27,16.9,17.16,2860921,
16.95,17.73,16.92,17.18,4296180,
17.14,17.25,16.33,16.36,8114020,
16.33,16.63,16.26,16.48,6116840,
16.48,16.88,16.36,16.67,5191080,
16.64,16.73,15.97,16,5425867,
15.98,16.2,15.93,15.98,2691720,
16,16.08,15.91,15.95,1974900,
15.99,16.11,15.65,15.68,2911000,
15.61,15.81,15.56,15.68,4221545,
15.73,15.91,15.46,15.61,4574545,
15.62,15.62,14.94,14.97,6056623,
15.07,15.22,14.89,14.93,4092335,
14.97,15.05,14.79,14.8,4261413,
14.76,14.93,14.45,14.59,5654370,
14.62,14.65,14.22,14.5,5645916,
14.45,14.49,14.23,14.34,3942704,
14.4,14.71,14.35,14.58,3666900,
14.62,15,14.51,14.89,5239950,
15.01,15.43,15,15.08,8434611,
15.04,15.17,14.89,15.15,6372411,
15.28,15.63,15.15,15.55,8436939,
15.75,16.71,15.58,16.6,18680123,
17.95,18,15.97,16.24,26818564,
15.99,16,15.3,15.31,17440985,
15.41,15.87,15.41,15.48,10496663,
15.49,15.88,15.3,15.61,7970997,
15.67,15.94,15.51,15.88,8407962,
15.86,16.15,15.63,15.64,8353920,
15.63,16.01,15.59,16,6932353,
16.09,16.22,15.74,15.75,5511010,
15.77,15.99,15.62,15.89,5976287,
15.91,15.96,15.66,15.75,6171712,
15.76,16.14,15.76,15.97,7200870,
16.04,16.22,16,16.08,4720963,
16.08,16.09,15.81,15.93,4037430,
15.97,15.97,15.72,15.82,6059257,
15.32,15.59,15.05,15.58,12375624,
15.5,15.62,15.31,15.31,6300739,
15.3,15.42,15.19,15.32,4259270,
15.3,15.45,15.23,15.35,5065094,
15.26,15.51,15.15,15.35,7039711,
15.37,15.41,15.21,15.34,3999554,
15.33,15.45,15.21,15.42,6666152,
15.41,15.48,15.31,15.34,4833540,
15.34,15.63,15.24,15.62,8825745,
15.66,15.68,15.28,15.36,9399570,
15.33,15.39,15.24,15.38,3724567,
15.36,15.51,15.21,15.31,4905870,
15.27,15.41,15.19,15.35,5271715,
15.26,15.46,15.08,15.11,4526300,
15.1,15.17,14.91,14.93,4288930,
14.95,15.32,14.94,15.14,5758529,
15.16,15.19,14.98,15.13,3222840,
15.1,15.42,15.06,15.41,5656890,
15.39,15.7,15.34,15.66,6700920,
15.6,15.77,15.08,15.15,5217873,
15.17,15.33,15.02,15.11,3412840,
15.11,15.15,15.03,15.07,1714919,
15.1,15.15,14.86,15.13,3301486,
15.14,15.17,15.04,15.11,2631733,
15.14,15.25,15.07,15.13,2827332,
15.13,15.29,15.11,15.17,4688438,
15.16,15.47,15.13,15.45,5735114,
15.45,15.51,15.25,15.35,3527442,
15.3,15.5,15.28,15.4,2996417,
15.3,15.47,15.24,15.27,5592990,
15.26,15.55,15.23,15.5,5532591,
15.61,15.7,15.35,15.38,3848983,
15.36,15.49,15.31,15.44,2510530,
15.4,15.51,15.38,15.48,3117297,
15.43,15.5,15.29,15.3,4059560,
15.28,15.61,15.27,15.56,5121543,
15.52,15.63,15.33,15.36,3781680,
15.41,15.67,15.38,15.5,4083210,
15.46,15.46,15.26,15.3,3755300,
15.34,15.35,15.22,15.26,2467240,
15.26,15.39,15.21,15.26,3159960,
15.25,15.43,15.24,15.41,3849553,
15.39,15.67,15.37,15.57,4562940,
15.53,15.57,15.31,15.37,3428045,
15.31,15.52,15.31,15.51,2520010,
15.48,15.52,15.29,15.34,2963080,
15.38,15.45,15.24,15.26,4327116,
